:020000040800F2
:10000000C0100020190400080501000807010008BD
:10001000130100081F0100082B0100080000000068
:100020000000000000000000000000003701000890
:1000300039010008000000002F0400083B010008FF
:100040003304000833040008330400083F010008AB
:1000500033040008330400083D0100081B23000896
:100060003304000833040008330400083304000894
:100070003304000833040008330400083304000884
:100080003304000833040008330400083304000874
:100090003304000833040008330400083304000864
:1000A0003304000833040008330400083304000854
:1000B0003304000833040008330400083304000844
:1000C0003304000833040008330400083304000834
:1000D000330400080B220008995600083304000876
:1000E0004B2300083304000833040008DFF810D065
:1000F00007F0EEFD00480047812E0008AFF30080B6
:10010000C010002070470EA11C4802F05AF800BF32
:10011000FEE71BA1194802F054F800BFFEE727A133
:10012000164802F04EF800BFFEE733A1134802F074
:1001300048F800BFFEE77047704770477047704748
:100140000D0A2A2A2A2A2A2A2A2A2A2A2A2A2A2A4C
:100150002A2A2A2A2A486172644661756C745F48AB
:10016000616E646C65722A2A2A2A2A2A2A2A2A2A75
:100170002A2A2A2A2A2A2A2A2A0D0A000038014075
:100180000D0A2A2A2A2A2A2A2A2A2A2A2A2A2A2A0C
:100190002A2A2A2A2A4D656D4D616E6167655F487E
:1001A000616E646C65722A2A2A2A2A2A2A2A2A2A35
:1001B0002A2A2A2A2A2A2A2A2A0D0A000D0A2A2A43
:1001C0002A2A2A2A2A2A2A2A2A2A2A2A2A2A2A2A8F
:1001D0002A4275734661756C745F48616E646C6524
:1001E000722A2A2A2A2A2A2A2A2A2A2A2A2A2A2A27
:1001F0002A2A2A2A0D0A00000D0A2A2A2A2A2A2A2D
:100200002A2A2A2A2A2A2A2A2A2A2A2A2A557361A3
:1002100067654661756C745F48616E646C65722ACF
:100220002A2A2A2A2A2A2A2A2A2A2A2A2A2A2A2A2E
:100230002A2A0D0A000000000CB500200190009051
:100240006C48006840F480306A49086000BF694823
:10025000006800F4003000900198401C0190009864
:1002600018B90198B0F5A06FF1D16248006800F4A8
:10027000003010B10120009001E0002000900098B3
:10028000012843D15C48006840F010005A490860DA
:100290000846006820F0030008600846006840F047
:1002A0000200086053484068524948600846406868
:1002B00048600846406840F48060486008464068EE
:1002C00020F47C1048600846406840F4E81048601C
:1002D0000846006840F08070086000BF454800682C
:1002E00000F000700028F9D04248406820F0030078
:1002F000404948600846406840F00200486000BF3E
:100300003C48406800F00C000828F9D10CBD10B53D
:10031000FFF792FF10BD10B53648006840F00100AD
:10032000344908600846406834490840314948600B
:1003300008460068324908402E49086008460068AF
:1003400020F4802008600846406820F4FE004860E1
:100350004FF41F008860FFF7DAFF4FF00060294973
:10036000086010BD10B5002100200022214B5B6801
:1003700003F00C0121B1042906D0082928D107E097
:10038000214B224C236027E01F4B204C236023E0AD
:10039000184B5B6803F47010164B5B6803F48032F3
:1003A000022303EB904022B9194B4343174C2360BF
:1003B0000DE0104B5B6803F4003323B1144B43434F
:1003C000124C236003E0104B4343104C236003E0C6
:1003D0000D4B0E4C236000BF00BF064B5B68C3F3A0
:1003E00003130C4CE15C094B1B68CB40074C2360AA
:1003F00010BD000000100240002002400000FFF885
:10040000FFFFF6FE08ED00E000127A000000002079
:1004100000093D00040000200648804706480047C8
:10042000FEE7FEE7FEE7FEE7FEE7FEE7FEE7FEE7A4
:10043000FEE7FEE717030008ED000008314901431D
:10044000314A1160704770B5002100230F22C47833
:1004500004B32D4C246804F4E064C4F5E064210A7C
:10046000C1F10403CA40447804FA03F184781440CB
:1004700021430901254C0678A155047804F01F0595
:100480000124AC4005786D11AD0005F1E025C5F8FB
:10049000004109E0047804F01F050124AC401C4D24
:1004A0000678761145F8264070BD1A4A0A40024384
:1004B000154B1B1F1A60704739B1134A121D126881
:1004C0000243114B1B1D1A6006E00F4A121D1268F1
:1004D00082430D4B1B1D1A607047042808D14FF052
:1004E000E021096941F004014FF0E022116107E0C9
:1004F0004FF0E021096921F004014FF0E022116181
:10050000704700000000FA050CED00E000E400E098
:1005100080E100E080FFFF1F10B50446CC48844214
:1005200008D10121042000F02DFB0021042000F05F
:1005300029FB46E0C748844208D10121082000F089
:1005400021FB0021082000F01DFB3AE0C248844254
:1005500008D10121102000F015FB0021102000F02F
:1005600011FB2EE0BD48844208D10121202000F07B
:1005700009FB0021202000F005FB22E0B84884425E
:1005800008D10121402000F0FDFA0021402000F0B8
:10059000F9FA16E0B348844208D10121802000F026
:1005A000F1FA0021802000F0EDFA0AE0AE48844222
:1005B00007D10121801500F0E5FA0021A01500F017
:1005C000E1FA10BD10B50121084600F0DBFA002168
:1005D000012000F0D7FA10BD2DE9F04102460025B8
:1005E0000026002000230024002791F803C00CF00F
:1005F0000F0591F803C00CF0100CBCF1000F03D0F4
:1006000091F802C04CEA050591F800C0BCF1000F5A
:1006100031D0146800202BE04FF0010C0CFA00F3ED
:10062000B1F800C00CEA03069E4220D183004FF0CF
:100630000F0C0CFA03F7BC4305FA03FC4CEA040464
:1006400091F803C0BCF1280F06D14FF0010C0CFA51
:1006500000FCC2F814C00AE091F803C0BCF1480FD6
:1006600005D14FF0010C0CFA00FCC2F810C0401C80
:100670000828D1D31460B1F800C0BCF1FF0F34DDFD
:10068000546800202EE000F1080C4FF0010808FA31
:100690000CF3B1F800C00CEA03069E4221D183009E
:1006A0004FF00F0C0CFA03F7BC4305FA03FC4CEABD
:1006B000040491F803C0BCF1280F05D100F1080C27
:1006C00008FA0CF8C2F8148091F803C0BCF1480F86
:1006D00007D100F1080C4FF0010808FA0CF8C2F835
:1006E0001080401C0828CED35460BDE8F0814FF63E
:1006F000FF710180022181700421C17070470246A0
:10070000002093680B400BB1012000E000207047EF
:100710000146886880B2704702460020D3680B40CB
:100720000BB1012000E0002070470146C86880B28C
:10073000704701617047416170470AB1016100E093
:1007400041617047C16070474FF480320A43826153
:100750008161826182698269704702460020434B51
:1007600018684FF68073184040EA021008433F4B68
:10077000186070473E49C8617047F0B50A460023CB
:1007800000240021002500F00046B6F1004F02D100
:10079000364EF16901E0354E7168C0F3034583B20E
:1007A00000F44016B6F5401F08D121F070612F4EBD
:1007B000766826F070662D4F7E6012E000F4801699
:1007C000B6F5801F06D1032606FA05F4A14341F0D1
:1007D000706106E0460D360103FA06F6B14341F0BA
:1007E000706122B1460D360103FA06F6314300F07E
:1007F0000046B6F1004F02D11C4EF16101E01B4EE4
:100800007160F0BD30B500228B071C0F0F2303FA77
:1008100004F2164B08338C1053F824309343134CD6
:1008200008348D1044F8253023468C1053F82430BA
:100830008C07240F00FA04F423430C4C08348D1069
:1008400044F8253030BD0A49DC31086070470000AB
:1008500000080140000C014000100140001401405C
:1008600000180140001C0140002001400000014030
:1008700000002042DF48006840F00100DD490860C8
:1008800008464068DC490840DA4948600846006884
:10089000DA490840D74908600846006820F48020FB
:1008A00008600846406820F4FE0048604FF41F00CE
:1008B00088607047CF49096821F48031CD4A1160C2
:1008C0001146096821F480211160B0F5803F03D002
:1008D000B0F5802F0ED106E0C649096841F4803199
:1008E000C44A116007E0C349096841F4A021C14A24
:1008F000116000E000BF00BF704710B50146002244
:10090000002300204A11012A02D1BA4C236806E0D4
:10091000022A02D1B74C236A01E0B64C636A01F0A7
:100920001F02012494401C400CB1012000E0002073
:1009300010BD38B5002000900024002500BF3120F4
:10094000FFF7DBFF05460098401C00900098B0F5CB
:10095000A06F01D0002DF2D03120FFF7CEFF08B1FB
:10096000012400E00024204638BD01460020A14AB1
:10097000106820F0F80040EAC10010607047A049FC
:1009800008607047024600209A4B586820F47C109B
:1009900042EA01031843974B58607047984908662C
:1009A000704701460020934A506820F00300084336
:1009B000506070478F48406800F00C007047014657
:1009C00000208C4A506820F0F000084350607047C7
:1009D00001460020874A506820F4E06008435060D8
:1009E000704701460020834A506820F4605040EA76
:1009F000C1005060704729B17E4A527A02437D4B54
:100A00005A7204E07B4A527A82437A4B5A72704798
:100A10007B49D8310860704701460020754A50680C
:100A200020F440400843506070470021714A203252
:100A30001170704A82F82010012802D004280AD1CF
:100A400004E001216B4A2032117005E00521694A5A
:100A50002032117000E000BF00BF70476949086094
:100A600070476449096A0143624A116270476549E7
:100A700044390860704730B500210022002400236B
:100A80005C4D6D6805F00C0121B1042905D00829E1
:100A900023D105E05C4D056022E05B4D05601FE061
:100AA000544D6D6805F47012524D6D6805F4803434
:100AB000022505EB92421CB9544D554305600BE0ED
:100AC0004C4D6D6805F400351DB1504D5543056022
:100AD00002E04D4D5543056002E04B4D056000BFFF
:100AE00000BF444D6D6805F0F0010909484D6B5C8D
:100AF0000568DD4045603F4D6D6805F4E061090A19
:100B0000434D6B5C4568DD4085603A4D6D6805F48A
:100B10006051C90A3E4D6B5C4568DD40C560354D8E
:100B20006D6805F44041890B3A4D6B5CC568B5FBB7
:100B3000F3F5056130BD29B12E4A526902432D4BB0
:100B40005A6104E02B4A526982432A4B5A6170472A
:100B500029B1284A92690243264B9A6104E0254A4A
:100B600092698243234B9A61704729B1214AD26925
:100B70000243204BDA6104E01E4AD26982431D4BD6
:100B8000DA61704729B11B4AD2680243194BDA6017
:100B900004E0184AD2688243164BDA60704729B1E4
:100BA000144A12690243134B1A6104E0114A126994
:100BB0008243104B1A6170471249403908607047F0
:100BC0000F49C86470470B49C87170470948406AAB
:100BD00040F0807007494862704701460020054A8E
:100BE00092680A400AB1012000E0002070470149E4
:100BF00088727047001002400000FFF8FFFFF6FE09
:100C0000000042428004424200127A0000093D0086
:100C1000140000202400002010B50446FB48844244
:100C200009D101218803FFF7ADFF00214FF4804077
:100C3000FFF7A8FF32E0F648844209D101214804B9
:100C4000FFF7ADFF00214FF40030FFF7A8FF25E0CC
:100C5000F048844209D101218804FFF7A0FF002158
:100C60004FF48020FFF79BFF18E0EB48844209D146
:100C70000121C804FFF793FF00214FF40020FFF784
:100C80008EFF0BE0E548844208D101210805FFF7FB
:100C900086FF00214FF48010FFF781FF10BD2DE982
:100CA000F04786B005460E460024A24600BFA14686
:100CB0000027B08900B100BF2F462C8A4CF6FF7088
:100CC0000440F08804432C82AC894EF6F3100440B3
:100CD000B08831890843718908430443AC81AC8AE8
:100CE0004FF6FF400440B0890443AC8201A8FFF7EF
:100CF000C2FEC648874202D1DDF810A001E0DDF84F
:100D00000CA0A88900F4004040B10AEBCA0000EB37
:100D10000A1031684900B0FBF1F807E00AEBCA009D
:100D200000EB0A1031688900B0FBF1F86420B8FBD1
:100D3000F0F004012009642101FB1089A88900F466
:100D4000004040B1322000EBC900B0FBF1F000F0F0
:100D50000700044308E0322000EB09106421B0FBD7
:100D6000F1F000F00F0004432C8106B0BDE8F087DD
:100D70004FF41651016000218180C18001810C2156
:100D8000418100218181704710B502460020108A00
:100D90004FF2FF0318400B884C8823438C88234371
:100DA000CC8823431843108210BD0021018041806C
:100DB0008180C180704721B1828942F400528281D2
:100DC00004E082894DF6FF731A4082817047F0B5C6
:100DD0000346002400260025002040F66A17B94289
:100DE00000D100BF1846C1F3421401F01F060127CD
:100DF00007FA06F5012C01D10C3004E0022C01D1D8
:100E0000103000E014301AB107682F43076002E089
:100E10000768AF430760F0BD1AB1838A0B43838232
:100E200002E0838A8B4383827047028A4FF6F07315
:100E30001A400282028A0A430282704782894FF274
:100E4000FF731A40828182890A438281704721B1EF
:100E5000828942F00202828104E082894FF6FD73AA
:100E60001A4082817047028A4FF6DF731A4002826D
:100E7000028A0A430282704721B1028A42F4804208
:100E8000028204E0028A4BF6FF731A400282704726
:100E9000C1F308028280704701468888C0F30800C9
:100EA0007047818941F0010181817047028BD2B284
:100EB0000283028B42EA012202837047028B02F412
:100EC0007F420283028B0A430283704721B1828AE8
:100ED00042F02002828204E0828A4FF6DF731A40D9
:100EE0008282704721B1828A42F01002828204E03D
:100EF000828A4FF6EF731A408282704721B1828A4C
:100F000042F00802828204E0828A4FF6F7731A40A8
:100F10008282704721B1828942F40042828103E0DB
:100F20008289C2F30E028281704721B1828A42F423
:100F30000062828204E0828A4FF2FF731A4082824A
:100F40007047828A4FF6FB731A408282828A0A4374
:100F50008282704721B1828A42F00202828204E0DA
:100F6000828A4FF6FD731A40828270470246002043
:100F7000B1F5007F00D100BF13880B400BB10120F9
:100F800000E00020704701F40072B2F5007F00D14C
:100F900000BFCA430280704770B502460024002398
:100FA0000025002040F66A16B14200D100BFC1F30F
:100FB000421501F01F03012606FA03F3012D02D1A9
:100FC0009689334006E0022D02D1168A334001E0B3
:100FD000968A33400C12012606FA04F4168834402F
:100FE00013B10CB1012000E0002070BD10B500224B
:100FF000002340F66A14A14200D100BF0A12012466
:101000009440A3B2DC43048010BD000000380140CE
:101010000044004000480040004C004000500040A8
:10102000002044490860091D0860091D0860091D69
:10103000086041483F4914310860704700213D492C
:101040008279002A3AD00A46126803689A430B460E
:101050001A600A1D126803689A430B1D1A60027910
:1010600011440A6803681A430A60324A0832126857
:1010700003689A432F4B08331A601A1D12680368DD
:101080009A432C4B0C331A604279102A0ED11A1F46
:10109000126803681A43274B08331A601A1D126836
:1010A00003681A43234B0C331A600DE0214942793F
:1010B00011440A6803681A430A6005E00279114482
:1010C0000A6803689A430A60704700210160017151
:1010D0000C21417100218171704716491031096856
:1010E0000143144A10321160704701460020114A32
:1010F000143212680A400AB1012000E00020704753
:101100000C49143108607047014600200022094B49
:101110001B6803EA0102074B14331B680B4013B131
:101120000AB1012000E00020704702491431086034
:101130007047000000040140FFFF0F0010B5044697
:10114000FE48844208D10121C014FFF71BFD002195
:10115000E014FFF717FDC4E0B4F1804F08D101217E
:101160000846FFF71CFD00210120FFF718FDB8E03D
:10117000F348844208D101210220FFF710FD00212D
:101180000220FFF70CFDACE0EE48844208D10121BB
:101190000420FFF704FD00210420FFF700FDA0E07C
:1011A000E948844208D101210820FFF7F8FC00211A
:1011B0000820FFF7F4FC94E0E448844208D10121C0
:1011C0001020FFF7ECFC00211020FFF7E8FC88E07E
:1011D000DF48844208D101212020FFF7E0FC0021F4
:1011E0002020FFF7DCFC7CE0DA48844208D10121B2
:1011F0004014FFF7C7FC00216014FFF7C3FC70E048
:10120000D548844209D10121C804FFF7BBFC002165
:101210004FF40020FFF7B6FC63E0D048844209D1C8
:1012200001210805FFF7AEFC00214FF48010FFF705
:10123000A9FC56E0CA48844209D101214805FFF7BC
:10124000A1FC00214FF40010FFF79CFC49E0C548C9
:10125000844208D101214020FFF7A1FC0021402059
:10126000FFF79DFC3DE0C048844208D10121802069
:10127000FFF795FC00218020FFF791FC31E0BB488F
:10128000844208D101218015FFF789FC0021A015B7
:10129000FFF785FC25E0B648844209D10121080406
:1012A000FFF770FC00214FF48030FFF76BFC18E073
:1012B000B048844209D101214804FFF763FC0021B2
:1012C0004FF40030FFF75EFC0BE0AB48844208D1DE
:1012D00001218804FFF756FC00214FF48020FFF71E
:1012E00051FC10BD00220288944B98420ED0994BBD
:1012F00098420BD0B0F1804F08D0914B984205D066
:10130000904B984202D0904B984204D14FF68F7385
:101310001A404B881A438D4B984207D08C4B984209
:1013200004D04FF6FF431A40CB881A4302808B88C3
:1013300083850B880385814B98420BD0854B98425F
:1013400008D08B4B984205D08A4B984202D08A4BEA
:10135000984201D10B7A038601238382704770B5CE
:10136000002400220023058C4FF6FE7635400584CC
:10137000028C8388048B4FF68F752C40B51E2C4051
:101380000D882C43751E2A400D892A434D882A4317
:101390006A4DA8420BD06F4DA84208D0744DA842A8
:1013A00005D0744DA84202D0734DA84213D14FF618
:1013B000F7752A404D892A434FF6FB752A408D88E0
:1013C0002A434FF6FF652B404FF6FF552B408D8982
:1013D0002B43CD892B4383800483CD88858602846B
:1013E00070BD70B5002400220023058C4FF6EF7607
:1013F00035400584028C8388048B48F6FF752C40A9
:101400004FF6FF452C400D884FF6FF7606EA05257E
:101410002C434FF6DF752A400D8906EA05152A434D
:101420004D8806EA05152A43444DA84202D0494D8D
:10143000A8421DD14FF67F752A404D894FF6FF76A1
:1014400006EA05152A434FF6BF752A408D8806EA3D
:1014500005152A434FF6FF352B404FF2FF752B4001
:101460008D8906EA85052B43CD8906EA85052B4340
:1014700083800483CD880587028470BD70B5002405
:1014800000220023058C4FF6FF6635400584028C50
:101490008388848B4FF68F752C404FF6FC752C405B
:1014A0000D882C434FF6FF552A400D894FF6FF76E5
:1014B00006EA05252A434D8806EA05252A431F4DDD
:1014C000A84202D0234DA8421DD14FF2FF752A40F9
:1014D0004D894FF6FF7606EA05252A434FF6FF357C
:1014E0002A408D8806EA05252A434EF6FF752B40D3
:1014F0004DF6FF752B408D8906EA05152B43CD89E6
:1015000006EA05152B4383808483CD888587028472
:1015100070BD70B5002200230024058C4EF6FF76C6
:1015200035400584038C8488828B48F6FF752A40F9
:101530004FF6FF452A400D8820E00000002C0140B6
:101540000004004000080040000C00400010004073
:101550000014004000340140004C014000500140A4
:101560000054014000180040001C004000200040D2
:101570000040014000440140004801404FF6FF7622
:1015800006EA05252A434DF6FF752B400D8906EA2C
:1015900005352B434D8806EA05352B43FA4DA84205
:1015A00002D0FA4DA84208D14BF6FF752C408D8928
:1015B0004FF6FF7606EA85152C4384808283CD881A
:1015C000A0F84050038470BD828B4FF2FF331A4065
:1015D0008283828B4FF6FF7303EA01231A438283CF
:1015E0007047F0B50C461546002200210026078CF6
:1015F0004EF6FF7C07EA0C070784828B018C4FF6BE
:10160000FF7707EA043640F6FF473A404FF6FF7788
:1016100007EA05273A434FF6FF7707EA03373A43CD
:10162000D94FB8420ED0D94FB8420BD0B0F1804F4D
:1016300008D0D74FB84205D0D64FB84202D0D64FC7
:10164000B84206D14DF6FF77394046F4805739430A
:1016500005E047F6FF57394044F480573943828309
:101660000184F0BD828B4FF6F3731A408283828B24
:101670000A4382837047F0B50C46154600220021CC
:101680000026078C4FF6FF6C07EA0C070784828B55
:10169000018C4FF6FF7707EA04264FF60C773A40A5
:1016A0004FF6FF7707EA03172F433A43B64FB84286
:1016B0000ED0B64FB8420BD0B0F1804F08D0B44F27
:1016C000B84205D0B34FB84202D0B34FB84206D1AA
:1016D0004FF6FF57394046F48077394305E04FF223
:1016E000FF57394044F48077394382830184F0BD49
:1016F000028B4FF2FF331A400283028B4FF6FF73C7
:1017000003EA01231A4302837047F0B50C461546DD
:10171000002200210026078C4FF6EF7C07EA0C0719
:101720000784028B018C4FF6FF7707EA041640F618
:10173000FF473A404FF6FF7707EA03373A434FF641
:10174000FF7707EA05273A438F4FB8420ED08F4FF5
:10175000B8420BD0B0F1804F08D08D4FB84205D0C1
:101760008C4FB84202D08C4FB84206D14FF6DF778B
:10177000394046F01007394305E04FF65F773940AE
:1017800044F01007394302830184F0BD028B4FF609
:10179000F3731A400283028B0A4302837047F0B549
:1017A0000C46154600220021068C4FF6FE773E407F
:1017B0000684028B018C4FF60C7632407E1C06EAC2
:1017C00003162E433243704EB0420ED06F4EB042DD
:1017D0000BD0B0F1804F08D06D4EB04205D06D4EA9
:1017E000B04202D06C4EB04206D14FF6FD76314089
:1017F00044F00106314305E04FF6F576314044F000
:101800000106314302830184F0BD70B505460C46E4
:101810005D4885420ED05D4885420BD0B5F1804FC2
:1018200008D05B48854205D05A48854202D05A48C4
:10183000854200D100E000BF208850B92389A288EA
:1018400061882846FFF7ABFFE1882846FFF79EFF37
:1018500025E0208804280AD12389A28861882846A7
:10186000FFF753FFE1882846FFF742FF17E0208883
:1018700008280AD12389A28861882846FFF7FBFE41
:10188000E1882846FFF7EEFE09E02389A2886188F7
:101890002846FFF7A6FEE1882846FFF795FE70BDB3
:1018A0002DE9F04105460C4600260127608808B95D
:1018B000022600E00026A088012801D1022700E0CE
:1018C00001272088A0B92389A28861882846FFF7CC
:1018D00066FFE1882846FFF759FF23893A463146DB
:1018E0002846FFF712FFE1882846FFF701FF13E0C3
:1018F0002389A28861882846FFF707FFE1882846E8
:10190000FFF7F6FE23893A4631462846FFF747FFA0
:10191000E1882846FFF73AFFBDE8F0810A884B8846
:101920001A438B881A43CB881A430B891A434B8975
:101930001A438B891A43A0F8442070474FF6FF7171
:10194000818000210180C1804180017270470021A7
:10195000018041808180C180018141818181C1817B
:101960007047002101804180012181800021C180D8
:10197000018170470021018041808180C180018107
:101980004181818170470000002C014000340140FA
:101990000004004000080040000C004021B1028813
:1019A00042F00102028004E002884FF6FE731A4002
:1019B0000280704731B1B0F8442042F40042A0F8F0
:1019C000442005E0B0F84420C2F30E02A0F8442001
:1019D00070471AB183890B43838102E083898B436B
:1019E000838170478182704741EA0203A0F8483042
:1019F00070471AB183890B43838102E083898B434B
:101A00008381704701894FF6F87211400181704758
:101A10000A46002101894FF68F7319401143018155
:101A2000704730B504460D4629462046FFF7F0FFC3
:101A3000208940F00700208130BD2DE9F0410446A7
:101A40000D4616461F46602D06D13B460122314603
:101A50002046FFF75AFE05E03B460122314620466C
:101A6000FFF79DFE29462046FFF7D2FF208940F070
:101A700007002081BDE8F08130B50C4600210189C6
:101A8000C9B24FF6FF7505EA0325154325432943DF
:101A9000018130BD2DE9F04105460E4617469846B6
:101AA000002443463A4631462846FFF7E5FF2C8995
:101AB0004FF6F870044044F007044FF68F7004406E
:101AC00044F070042C81BDE8F081F0B504460D4669
:101AD00016461F463B46324629462046FFF7CCFFB6
:101AE000208940F480402081F0BD018582827047CA
:101AF0000A46002101884FF68F7319401143018077
:101B00007047F0B50C4615461E4600210022002302
:101B10000189028B038C4FF6F877394021434FF649
:101B2000FC473A4040F201173A434FF6DD773B401D
:101B30004FF6FF7707EA06172F433B4301810283E5
:101B40000384F0BD0A460021018B4FF68F731940C4
:101B50001143018370470A460021018B48F6FF7349
:101B600019404FF6FF7303EA0223194301837047BC
:101B70000A460021818B4FF68F73194011438183F0
:101B800070470A460021818B48F6FF7319404FF6D3
:101B9000FF7303EA022319438183704721B102884E
:101BA00042F08002028004E002884FF67F731A4000
:101BB0000280704721B1828842F00402828004E0F2
:101BC00082884FF6FB731A408280704721B1828869
:101BD00042F00802828004E082884FF6F7731A40D0
:101BE0008280704721B1828842F00102828004E045
:101BF00082884FF6FE731A40828070470A460021A1
:101C0000018B4FF6F77319401143018370470A4661
:101C10000021018B4FF2FF7319404FF6FF7303EA67
:101C200002231943018370470A460021818B4FF636
:101C3000F77319401143818370470A460021818B55
:101C40004FF2FF7319404FF6FF7303EA0223194363
:101C5000818370470A460021018B4FF6FB731940C0
:101C60001143018370470A460021018B4FF6FF3371
:101C700019404FF6FF7303EA0223194301837047AB
:101C80000A460021818B4FF6FB7319401143818373
:101C900070470A460021818B4FF6FF3319404FF6FB
:101CA000FF7303EA02231943818370470A46002128
:101CB000018B4FF67F7319401143018370470A4629
:101CC0000021018BC1F30E014FF6FF7303EA0223DB
:101CD0001943018370470A460021818B4FF67F73B9
:101CE00019401143818370470A460021818BC1F35B
:101CF0000E014FF6FF7303EA0223194381837047F5
:101D00000A460021018C4FF6FD73194011430184EE
:101D100070470A460021018C4FF6F77319401143B2
:101D2000018470470A460021018C4FF6DF73194089
:101D30004FF6FF7303EA02131943018470470A4602
:101D40000021018C4FF67F7319404FF6FF7303EAB1
:101D500002131943018470470A460021018C4FF693
:101D6000FF5319404FF6FF7303EA0223194301841E
:101D700070470A460021018C4FF2FF7319404FF65D
:101D8000FF7303EA02231943018470470A460021C6
:101D9000018C4DF6FF7319404FF6FF7303EA0233CF
:101DA00019430184704730B5002301248C40A3B24D
:101DB000048C9C430484048C02FA01F5ADB22C43DC
:101DC000048430BD30B5002304248C40A3B2048CBD
:101DD0009C430484048C02FA01F5ADB22C430484C4
:101DE00030BD70B503460020002418461830012588
:101DF0008D40ACB21D8CA5431D8409B1082909D1C1
:101E000000EB6100056825F0700505600568154365
:101E100005600EE00D1FC5F34E052844056825F446
:101E2000E045056005684FF6FF7606EA0226354371
:101E3000056070BD21B1028842F00202028004E018
:101E400002884FF6FD731A400280704721B1028864
:101E500042F00402028004E002884FF6FB731A404D
:101E60000280704721B1828842F08002828004E0C3
:101E700082884FF67F731A408280704702884FF63F
:101E8000F7731A40028002880A43028070478288F2
:101E90004FF68F731A40828082880A43828070478F
:101EA00002894FF6F8731A40028102890A430281BF
:101EB000704702894FF67F731A40028102890A43F4
:101EC00002817047818470478185704781867047A1
:101ED0000187704781877047A0F8401070470288DB
:101EE0004FF6FF431A40028002880A43028070477F
:101EF0000146888E70470146088F70470146888FDB
:101F000070470146B1F8400070470146888C704721
:101F10000146088D704702460020138A0B400BB122
:101F2000012000E000207047CA430282704730B5AC
:101F30000246002000230024158A05EA0103958942
:101F400005EA010413B10CB1012000E0002030BD0E
:101F5000CA430282704700004FF0E020006920F081
:101F600004004FF0E0210861092035490870084657
:101F7000007800EB4001C1EBC0104FF6FF7101EAA1
:101F8000C000304908807047002120F07F402C4A73
:101F9000127842434FF0E0235A6100229A610122F5
:101FA0001A6100BF4FF0E022116901F001021AB17D
:101FB00001F48032002AF5D000224FF0E0231A61AC
:101FC0009A617047002100B9704720F07F401D4A98
:101FD000128842434FF0E0235A6101221A6100BF88
:101FE0004FF0E022116901F001021AB101F48032D0
:101FF000002AF5D000224FF0E0231A619A6100BF59
:10200000E2E770B50446002600254FF4FA7094FB11
:10201000F0F0C6B24FF4FA7094FBF0F100FB1140FF
:1020200085B205E04FF4FA70FFF7CCFF701EC6B220
:10203000002EF7D115B12846FFF7C4FF70BD000090
:10204000280000202A00002010B586B00446012197
:102050000420FEF77DFD01218803FEF779FD18209D
:102060008DF817004FF40070ADF8140003208DF8C0
:10207000160005A96B48FEF7AFFA04208DF817008B
:102080000002ADF8140003208DF8160005A965487C
:10209000FEF7A2FA01940020ADF810000C20ADF874
:1020A0000E000020ADF80C00ADF80A00ADF80800F5
:1020B00001A95D48FEF7F3FD01215B48FEF77BFEB9
:1020C000012240F225515848FEF781FE25208DF867
:1020D000000001208DF8030000208DF8010002208F
:1020E0008DF802006846FEF7AEF906B010BD10B5D7
:1020F00086B0044601210420FEF72AFD0121480490
:10210000FEF733FD18208DF817000420ADF81400F9
:1021100003208DF8160005A94248FEF75DFA042059
:102120008DF817000820ADF8140003208DF8160074
:1021300005A93C48FEF750FA01940020ADF81000C4
:102140000C20ADF80E000020ADF80C00ADF80A0030
:10215000ADF8080001A93548FEF7A1FD012133487B
:10216000FEF729FE012240F225513048FEF72FFEEE
:1021700026208DF8000001208DF8030000208DF846
:1021800001008DF802006846FEF75DF906B010BD4B
:102190002DE9F04107460C46154600260DE014F8DF
:1021A000011B3846FEF774FE00BF40213846FEF79B
:1021B000DDFE0028F9D0701C86B2AE42EFDBBDE830
:1021C000F0810FB430B5CBB0054601AC50A80090FB
:1021D0004FF4947101A8009B4F9A05F0BDFF0020B9
:1021E00000900BE014F8011B2846FEF751FE00BFDB
:1021F00040212846FEF7BAFE0028F9D020780028B2
:10220000F0D14BB030BC5DF814FB10B540F2255155
:102210000548FEF7C1FE18B120210348FEF7B3FEC2
:1022200010BD00000008014000380140004400409B
:1022300010B5044684F001024FF400510D48FEF73A
:102240007CFA0D48047010BD08B501211020FEF77E
:102250007FFC10208DF803004002ADF80000032041
:102260008DF8020069460348FEF7B6F90020FFF733
:10227000DFFF08BD001001402C0000201FB5012128
:102280000820FEF765FC01210846FEF761FC4820A6
:102290008DF80F0040F60200ADF80C0003208DF819
:1022A0000E0003A93848FEF797F901210846FEF70A
:1022B000A9FA0B210120FEF7A5FA40F602000190D1
:1022C00001208DF80A0000208DF808000C208DF800
:1022D000090001A8FEF7B2FE4FF4A060FEF7AEF8C9
:1022E00007208DF8000001208DF8030002208DF8F2
:1022F00001008DF802006846FEF7A5F828208DF849
:10230000000001208DF8030003208DF801008DF8F6
:1023100002006846FEF797F81FBD10B50A20FFF7C8
:1023200051FE02211848FEF7EAF950B91748007823
:10233000012803D10020FFF77BFF02E00120FFF717
:1023400077FF0220FEF7F1FE10BD10B50A20FFF75F
:1023500039FE4FF400610C48FEF7D1F970B90C4812
:10236000007814300A49087008460078642801DDB6
:10237000002008700648007800F035FC4FF400603B
:10238000FEF7D3FE10BD0000000C01402C00002021
:102390003E00002010B56648006820F00F00644938
:1023A00008600846006840F0030008600022012130
:1023B0005F48FEF7C2F91420FFF704FE0122114620
:1023C0005B48FEF7BAF91E20FFF7DEFD10BD10B521
:1023D00000245748006820F00F005549086008465F
:1023E000006840F00800086004E0601CC4B20120EE
:1023F000FFF7CAFD01214E48FEF781F908B1642CB0
:10240000F3DB642C01DB012010BD002404E0601C20
:10241000C4B20120FFF7B8FD01214548FEF76FF96E
:1024200008B9642CF3DB642C01DB0120ECE700200D
:10243000EAE710B5002404E0601CC4B20120FFF7F5
:10244000A3FD01213A48FEF75AF908B1642CF3DBE9
:10245000002404E0601CC4B20120FFF795FD0121B7
:102460003348FEF74CF908B9642CF3DB2820FFF75A
:102470008BFD01212E48FEF742F908B1012010BD65
:102480000020FCE770B50024002506E06006040E7D
:10249000FFF7CFFF0443681CC5B2082DF6DB2046CA
:1024A00070BD7CB505460E46FFF774FFFFF78FFF42
:1024B000F8B9002405E0FFF7E5FF0DF80400601C03
:1024C000C4B2052CF7DB9DF800009DF8011008440C
:1024D0009DF8021008449DF8031008449DF804106C
:1024E000884208D19DF8000030709DF802002870E5
:1024F00001E001207CBD0020FCE708B5012104209B
:10250000FEF726FB0120ADF8000010208DF8030037
:1025100003208DF8020069460548FEF75DF80121A9
:102520000348FEF706F9FFF735FFFFF750FF08BD38
:102530000008014008B50020009005E000BFBDF88C
:102540000000401C80B20090BDF800005028F5DB70
:1025500008BD10B500224FF40071F948FEF7EDF800
:10256000FFF7E8FF01221102F548FEF7E6F8FFF752
:10257000E1FF01225102F248FEF7DFF8FFF7DAFF30
:1025800010BD70B5054600241FE080202041284082
:1025900008B1012000E0002002464FF40071E84835
:1025A000FEF7CBF8FFF7C6FF01221102E448FEF761
:1025B000C4F8FFF7BFFF00224FF48071E048FEF738
:1025C000BCF8FFF7B7FF601CC4B2082CDDDB0122AA
:1025D0001102DB48FEF7B1F8FFF7ACFF00224FF421
:1025E0008071D748FEF7A9F8FFF7A4FF70BD10B5BA
:1025F00001225102D248FEF7A0F801221102D04870
:10260000FEF79BF8FFF796FF00224FF40071CC48CD
:10261000FEF793F8FFF78EFF00224FF48071C84851
:10262000FEF78BF8FFF786FF10BD2DE9F041074656
:102630000D461646FFF7DBFF3846FFF7A2FF4020A6
:10264000FFF79FFF002404E0285DFFF79AFF601C5E
:10265000C4B2B442F8DBFFF77CFFBDE8F081082884
:1026600001DA802900DB7047B64A125CFF2A04D1E8
:10267000B44A1154B44A11540BE0B24A125C8A4273
:1026800001DDB04A1154B04A125C8A4201DAAE4A06
:1026900011540122AD4B1A7000BFE4E7002007E09F
:1026A000FF21A84A11540021A74A1154411CC8B265
:1026B0000828F5DB0021A54A1170704770B5064661
:1026C0000C461546FFF793FF3046FFF75AFF2046AA
:1026D000FFF757FF2846FFF754FFFFF73AFF70BD9B
:1026E00008B501210820FEF733FA14208DF8030005
:1026F00003208DF802004FF48070ADF800006946A9
:102700008F48FDF769FF4FF40070ADF8000069468F
:102710008B48FDF761FF012211028948FEF70DF891
:10272000012251028648FEF708F808BD10B504469C
:10273000224600217820FFF7C1FF224600217A209F
:10274000FFF7BCFF10BD10B504462246402178209B
:10275000FFF7B4FF224640217A20FFF7AFFF10BDFC
:1027600070B505460C4645F0B000FFF7DFFF1021BD
:1027700041EA1410FFF7DAFF04F00F00FFF7D6FF6D
:1027800070BD70B57148007800B970BD00242AE0B2
:102790006C48005DFF2824D06B48005D6949095DE5
:1027A000401A401CC5B26748015D2046FFF7D8FFBC
:1027B000674800EBC410634A125D81182A467820EE
:1027C000FFF733FF5F48015D2046FFF7C9FF604810
:1027D00000EBC4105B4A125D81182A467A20FFF78D
:1027E00024FF601CC4B2082CD2DBFFF757FF00BFE8
:1027F000CBE770B5002412E0002506E00020544924
:1028000001EBC4114855681CC5B2802DF6DB0020D1
:102810004C4908557F204C490855601CC4B2082C0F
:10282000EADB012049490870FFF7ABFF70BD2DE9D5
:10283000F04706460F461546701E40064FEA1068E0
:10284000781EC0064FEA1069012E05DB042E03DC5A
:10285000012F01DB102F01DDBDE8F087202D01DB0A
:102860007E2D00DD2025002413E0A5F1200039494C
:1028700001EB0010005D364901EBC81109EB0402C1
:10288000885409EB0400C1B24046FFF7E8FE601C23
:10289000C4B2082CE9DB08F1010000F0FF080024B5
:1028A00015E0A5F120002B4901EB001104F108000F
:1028B000085C274901EBC81109EB0402885409EBB5
:1028C0000400C1B24046FFF7CAFE601CC4B2082C27
:1028D000E7DB00BFC0E72DE9F04107460E4615468D
:1028E0000DB9BDE8F08100240BE03019102800DD9F
:1028F0000AE02A5D3019C1B23846FFF798FF601C24
:10290000C4B2285D0028F0D100BF00BFE9E72DE97F
:10291000F04705460E461746681E40064FEA106807
:10292000701EC0064FEA1069012D06DB042D04DC81
:10293000012E02DB102E00DC77B9BDE8F087000025
:10294000000C01402D000020350000203D0000203B
:102950007C0000203497000800240EE0385D964982
:1029600001EBC81109EB0402885409EB0400C1B261
:102970004046FFF774FE601CC4B2082CEEDB08F181
:10298000010000F0FF08002410E004F10800385CAA
:10299000894901EBC81109EB0402885409EB0400D2
:1029A000C1B24046FFF75BFE601CC4B2082CECDBF2
:1029B00000BFC2E710B50246012000E050430B1EE5
:1029C000A1F10101FAD110BD2DE9F04780460E4674
:1029D00017461D46002415E0281B411E0A20FFF75C
:1029E000E9FFB7FBF0F00A21B0FBF1F201FB1200A6
:1029F00000F130093019C1B24A464046FFF717FFCF
:102A0000601CC4B2AC42E7DBBDE8F0872DE9F047BB
:102A10008146884615461E46002D06DB2B22414680
:102A20004846FFF704FF2F4605E02D224146484661
:102A3000FFF7FDFE6F42002417E0301B411E0A2005
:102A4000FFF7B8FFB7FBF0F00A21B0FBF1F201FB92
:102A5000120000F1300A08EB0400401CC1B25246DB
:102A60004846FFF7E4FE601CC4B2B442E5DBBDE8B3
:102A7000F0872DE9F04781460E4690461F46002418
:102A80001DE0381B411E1020FFF794FFB8FBF0F04B
:102A900000F00F050A2D08DA05F13000C2B2301936
:102AA000C1B24846FFF7C3FE07E005F13700C2B2E6
:102AB0003019C1B24846FFF7BAFE601CC4B2BC422E
:102AC000DFDBBDE8F0872DE9F04780460E4617466C
:102AD0001D46002412E0281B411E0220FFF76AFF5A
:102AE000B7FBF0F000F0010000F130093019C1B27D
:102AF0004A464046FFF79BFE601CC4B2AC42EADB8C
:102B0000BDE8F08770B5FFF7C9FD002406E0002599
:102B100000E06D1CB5F57A7FFBD3641CB4F57A7FB9
:102B2000F5D3FFF7DDFDAE20FFF700FED520FFF760
:102B3000FDFD8020FFF7FAFDA820FFF7F7FD3F20FD
:102B4000FFF7F4FDD320FFF7F1FD0020FFF7EEFDC6
:102B50004020FFF7EBFDA120FFF7E8FDC820FFF7BD
:102B6000E5FDDA20FFF7E2FD1220FFF7DFFD81200F
:102B7000FFF7DCFDCF20FFF7D9FDD920FFF7D6FD09
:102B8000F120FFF7D3FDDB20FFF7D0FD3020FFF76A
:102B9000CDFDA420FFF7CAFDA620FFF7C7FD8D20BD
:102BA000FFF7C4FD1420FFF7C1FDAF20FFF7BEFD06
:102BB000FFF71FFE70BD00007C00002008B501215A
:102BC0000420FDF7C5FF10208DF803003020ADF87C
:102BD000000003208DF8020069460B48FDF7FCFC5D
:102BE00000F016F808BD10B5044620210648FDF790
:102BF000A0FD10210448FDF79EFD04480470204606
:102C000000F04FF810BD0000000801403E00002019
:102C100000B589B001210420FDF79AFF0121084683
:102C2000FDF7A3FF18208DF823000220ADF8200047
:102C300003208DF8220008A91E48FDF7CDFC4FF0B7
:102C40008040FEF7DFFE0020ADF81A00ADF8160058
:102C50006320ADF8180040F2CF20ADF8140000203A
:102C60008DF81C0005A94FF08040FEF73BFB0121C9
:102C70008807FEF793FE01A8FEF769FE6020ADF815
:102C800004000020ADF80C000120ADF80600002083
:102C9000ADF80A0001A94FF08040FEF7A2FB09B091
:102CA00000BD10B5044621464FF08040FFF710F9F3
:102CB00010BD000000080140ED48704710B5002429
:102CC0004FF4A060FDF7BAFBFFF746F94FF4E1308F
:102CD000FFF7BAF94FF4E130FFF709FAFFF7CEFA40
:102CE000FFF7B2FAFFF70EFFFFF768FFE1A201213D
:102CF0000846FFF7F0FD1AE0601CC4B2DFA1E3480C
:102D0000FFF75FFAE2A201210220FFF7E4FD052CA4
:102D100009DBE2A1DD48FFF754FAE5A20121022018
:102D2000FFF7D9FD07E04FF47A70FFF76AF9FFF774
:102D3000E4FB0028E0D100BFE0A1D448FFF741FA4E
:102D400010BD10B5E2A201210220FFF7C4FDE3A2ED
:102D500001210320FFF7BFFDE3A201210420FFF7BB
:102D6000BAFDFFF70EFD10BD70B506460C46E248F1
:102D70000078B04204D1E1480078A04200D170BD93
:102D80002EB9DFA201210846FFF7A5FD11E00CB91D
:102D9000DFA504E0022C01D1DEA500E0DEA5DFA264
:102DA00001210846FFF797FD2A460C210120FFF775
:102DB00092FDFFF7E6FCD0480670D048047000BFD3
:102DC000DDE770B5044600252CB9D8480078D8490D
:102DD0000978884213D00223D54802780621184684
:102DE000FFF7F2FDFFF768FF064632460821022092
:102DF000FFF78DFDCE480078CC49087001252CB92D
:102E0000CC480078CC49097888420BD00223CA48C4
:102E1000027806210320FFF7D7FDC7480078C5498F
:102E2000087001252CB9C5480078C5490978884241
:102E30000FD0C248007808B1C2A000E0C2A002468C
:102E400005210420FFF747FDBC480078BC49087005
:102E500001252CB9BD480078BD49097888420BD0BE
:102E60000323BB4802780D210420FFF7ADFDB848CD
:102E70000078B649087001250DB1FFF782FC70BDDE
:102E800094B04FF00009CA46002013908346129078
:102E90004FF4487401271190002510900F900E9068
:102EA000FFF70CFFFFF74DFF01210020FFF75CFF4C
:102EB0000120FFF786FFA7A17448FFF782F902F00F
:102EC0006EFBD3E0002002F043FB1090109818B185
:102ED00015B1109800F027FE002D26D109F10A0047
:102EE0001FFA80F9B9F5FA7F1FDBA946A0A1A2A0BD
:102EF00002F0E1FAC8B900F0F6FAB0B900F0D7FD77
:102F000002F0FEFB01274FF44874002011900F904F
:102F10000E90012539462846FFF726FF0120FFF7CE
:102F200050FFA0A15948FFF74CF90AF10A001FFA17
:102F300080FABAF5FA7F10DB4FF0000A7E497C4830
:102F4000FFF7AFFA8248007800907B480378784812
:102F500002789BA14D48FFF734F913980A3080B2EC
:102F600013901398C82803DB00201390FFF729FF64
:102F70000BF10A001FFA80FB4DB1A34507DB4FF0B0
:102F8000000B96A14148FFF71CF900F022FD1298B2
:102F90000A3080B2129041F288311298884262DB86
:102FA0000020129002F0A3FB804602F0A6FB06462A
:102FB0000F98A8EB00000D900E99701A0C900C98C9
:102FC00028B102274FF49664002011901CE00D9860
:102FD00060B10027B4F5FA7F03DDA4F1640084B288
:102FE00001E04FF4C874002011900DE01198401CCE
:102FF000C0B211901198032803DB02274FF49664A6
:1030000002E001274FF44874CDF83C800E9617B9C2
:1030100077A00B9006E0022F02D13EA00B9001E0BA
:103020003DA00B9039462846FFF79EFE02F065FB57
:103030000A9002F05FFB099002F059FB089002F041
:1030400053FB079002F04DFB0690DDE909120B9847
:1030500001AB16C304900898009067490B48DDE95E
:103060000623FFF7AEF80A20FEF7CBFF2AE70000A1
:10307000249D00084D6F6E69746F7200444854318E
:1030800031204572726F72200D0A00000038014035
:103090004448543131204572726F720044485431B3
:1030A0003120536B697020496E69740D0A0000006D
:1030B000444854313120536B6970200020486172BC
:1030C000647761726520696E6974204F4B0D0A0048
:1030D00054656D703A2020202020200048756D69CD
:1030E0003A202025000000004C45443A20202020B2
:1030F00046616E3A000000004100002042000020BE
:103100004E45543A4F46462055503A2D2D2D20001D
:103110004C4F570045434F0042414C004E45543AF6
:103120004F4E202055503A20202020004300002000
:103130003F00002044000020400000202C00002020
:10314000460000204F4E20004F464600450000201C
:103150003E000020436F6E6E656374204D515454E1
:1031600073205365727665722E2E2E0D0A000000B4
:10317000434F4E4E4543540041542B434950535402
:103180004152543D22544350222C223138332E32A6
:1031900033302E34302E3936222C313838330D0A64
:1031A00000000000436F6E6E656374204D515454EF
:1031B00073205375636365737321200D0A0000004B
:1031C00074656D70202564202C68756D69202564F8
:1031D0002066616E2025640D0A0000004F6E654E6A
:1031E00065745F53656E64446174610D0A0000008C
:1031F0004C4F575F4C415400F09E0008F0B58BB027
:10320000054600260024284604F0BAF8C7B20DB1DE
:103210001C2F02DA01200BB0F0BD06E0A85D01A969
:1032200088550020A855701CC6B2BE42F6DB0020AF
:1032300001A988550026002455E001A8805D2B28AF
:1032400010D008DC202814D023282ED0252825D003
:1032500026283FD130E02F2812D03D2833D03F28F8
:1032600038D114E02819FEA104F062F8E01CC4B2C1
:1032700036E02819FBA104F05BF8E01CC4B22FE093
:103280002819F9A104F054F8E01CC4B228E0281968
:10329000F6A104F04DF8E01CC4B221E02819F4A115
:1032A00004F046F8E01CC4B21AE02819F1A104F0B9
:1032B0003FF8E01CC4B213E02819EFA104F038F87D
:1032C000E01CC4B20CE02819ECA104F031F8E01CB9
:1032D000C4B205E001A8805D2855601CC4B200BFDF
:1032E00000BF701CC6B2BE42A7DB0020285500BF3D
:1032F00091E72DE9F04FC9B005460C4616461F462A
:103300000DF5A47898E8000F0020489055B14CB115
:10331000DB48864206D32FB1B9F1000F02D0BAF1D3
:10332000780F03DA012049B0BDE8F08F402118A8DA
:1033300003F0F3FF384604F023F805903B4648AA13
:103340004021009018A801F0DBF8482106A803F0FE
:10335000E4FFBBF1000F09D0CAA03346CBA248213D
:103360008DE8310006A804F0C9FE09E0C5A0334687
:10337000CCA248218DE81101039506A804F0BEFEF9
:10338000402128A803F0C9FF06A803F0F9FF059023
:1033900018A803F0F5FF049028A8009006AA18A822
:1033A000DDE9041300F066FF00204890402138A8B2
:1033B00003F0B3FF28A803F0E3FF059028AB48AA69
:1033C0004021009038A800F0FBFF38A8FFF716FF57
:1033D000BBF1000F0CD038A8AAA12B46B9A2CDE9A9
:1033E0000046CDE902105146484604F087FE0CE045
:1033F00038A8A4A12B46C14ACDE901860094CDE9A5
:1034000003105146484604F079FE00208BE72DE971
:10341000F041ACB0012711250026002405F1F00091
:1034200005F040FC06461EB938462CB0BDE8F081D8
:1034300003E04FF4FA70FEF7C5FDB1A1B2A002F0AF
:103440003AF80028F5D10120902108AA0023CDE9FF
:103450000032CDE90210B6A3C14AC2A1C4A0FFF751
:1034600048FFC6A11120CDE9000105F1F00108AB2C
:10347000C44A304604F042FE304603F081FF1FFA92
:1034800080F84146304602F047F8FA2002F060F832
:10349000044624B1BCA1204603F056FF0446CCB13B
:1034A00000200390BB4803A904ABBB4ACDE9001040
:1034B000BA49204603F098FF04280AD1B548039979
:1034C00004ABB54ACDE90010B5A1BD48FEF779FEC1
:1034D000002700BF304605F0BDFBBAA1BAA001F03D
:1034E000EAFF3846A1E730B5B3B000202F90309006
:1034F000319032900125A02107AAA0A3CDE9003286
:10350000CDE902108AA3B44A96A199A0FFF7F1FE73
:1035100007A894A399A2B1A10090A948FEF751FE73
:103520002FA8002102910391CDE904100846012142
:103530000B0292A2CDE9001007A98AA001F041F97F
:10354000002842D1309A91B22F9801F0E5FFFA207D
:1035500001F0FEFF0446002C33D0204601F0FCF8B9
:1035600002282ED1204601F091FA062823D2DFE866
:1035700000F003090E13181DA4A19148FEF721FEC7
:1035800000251DE0A8A18E48FEF71BFE18E0B3A1A0
:103590008B48FEF716FE13E0BEA18948FEF711FE28
:1035A0000EE0CB498648FEF70CFE09E0C949844885
:1035B000FEF707FE04E0C8A18148FEF702FE00BF47
:1035C00000BF2FA801F080F803E0CFA17C48FEF7F0
:1035D000F8FD284633B030BD10B58CB0044630211C
:1035E000684603F09AFED1A1204603F0E4FE3021A4
:1035F000684603F092FED3480378D3A2D5A168466B
:1036000004F096FD6946204603F092FE302168469C
:1036100003F083FED4480378D4A2CEA1684604F018
:1036200087FD6946204603F083FE3021684603F09B
:1036300074FED248007808B1D1A000E0D2A00346C1
:10364000D3A2D4A1684604F073FD6946204603F076
:103650006FFE3021684603F060FED3480378A5E191
:1036600025324200253230002532460025334600FF
:10367000253235002532330025323600253344000B
:103680009554415D736861310000000025640A258E
:10369000730A70726F64756374732F25730A2573D0
:1036A0000000000025640A25730A70726F64756358
:1036B00074732F25732F646576696365732F257383
:1036C0000A25730076657273696F6E3D25732672E5
:1036D00065733D70726F647563747325253246257A
:1036E000732665743D2564266D6574686F643D2599
:1036F00073267369676E3D257300000024A00008DF
:10370000434F4E4E4543540041542B43495053546C
:103710004152543D22544350222C223138332E3210
:1037200033302E34302E3333222C38300D0A000043
:10373000716465424930324436616B444557647266
:103740006C78504E555447585553567073794846C7
:103750006354504A4530636A4558733D0000000089
:1037600000CF9D746432303370397461356C000061
:10377000323031382D31302D3331000044657669D7
:10378000636500006CA000086465766963655F6925
:10379000640000008C0400207C040020D89F0008F6
:1037A000637265617465206465766963653A202596
:1037B000732C2025732C2025642C2025730D0A00E2
:1037C000003801404F4B000041542B434950434CBB
:1037D0004F53450D0A000000809267764F6E654E8C
:1037E00045545F4465764C696E6B0D0A4E414D45FC
:1037F0003A2025732C0950524F49443A2025732C06
:10380000094B45593A25730D0A000000546970733D
:103810003A09EFBFBDEFBFBDEFBFBDD3B3C9B9EF2D
:10382000BFBD0D0A000000005741524E3A09EFBFDC
:10383000BDEFBFBDEFBFBDEFBFBDCAA7EFBFBDDCD2
:10384000A3EFBFBDD0ADEFBFBDEFBFBDEFBFBDEFBD
:10385000BFBDEFBFBD5C720A000000005741524E71
:103860003A09EFBFBDEFBFBDEFBFBDEFBFBDCAA7F8
:10387000EFBFBDDCA3EFBFBDEFBFBDC7B7EFBFBD9F
:10388000EFBFBDEFBFBD636C69656E7469640D0AFF
:10389000000000005741524E3A09EFBFBDEFBFBDD7
:1038A000EFBFBDEFBFBDCAA7EFBFBDDCA3EFBFBD7C
:1038B000EFBFBDEFBFBDEFBFBDEFBFBDEFBFBDEF02
:1038C000BFBDCAA7EFBFBDEFBFBD0D0A000000001E
:1038D0008C9F00083C9F00084552523A09EFBFBD3B
:1038E000EFBFBDEFBFBDEFBFBDCAA7EFBFBDDCA33C
:1038F000EFBFBDCEB4D6AAEFBFBDEFBFBDEFBFBD1A
:10390000EFBFBD0D0A0000005741524E3A094D511C
:1039100054545F5061636B6574436F6E6E6563747E
:10392000204661696C65640D0A0000007B226964B1
:10393000223A22313233222C22706172616D73225D
:103940003A7B00003F00002074656D705F76616C0B
:1039500075650000222573223A7B2276616C7565BD
:10396000223A25647D2C00004000002068756D69B6
:10397000646974795F76616C756500002C000020C5
:10398000747275650000000066616C73650000006C
:103990006C656400222573223A7B2276616C756522
:1039A000223A25737D2C00003E000020D5A2D8A12C
:1039B000684604F0BDFB6946204603F0B9FCD9A176
:1039C000204603F0B5FC204603F0DAFCC0B20CB090
:1039D00010BD30B5C5B00020419042904390449056
:1039E00000240025D0A1D848FEF7EBFB4FF48071EE
:1039F00001A803F092FC01A8FFF7EEFD0446002C9D
:103A000028D041A800232246AFF290210090AFF2C7
:103A1000AC2001F02CF9C8B908E001A8415D429A38
:103A2000501C429041988154681C05B2A542F4DBB9
:103A3000429A91B2419801F06FFDC4A1C248429AE6
:103A4000FEF7BFFB41A800F03FFE03E0C3A1BE4864
:103A5000FEF7B7FB45B030BD70B588B005460C46E3
:103A60000020049005900690079023462A46C3A1A3
:103A7000B548FEF7A6FB204603F082FC064604A8E4
:103A80000121002200923346CDE901210390224614
:103A900029460A2001F009F838B9059A91B204982C
:103AA00001F03AFD04A800F00FFE08B070BD00B5AB
:103AB000A5B000202190229023902490AFF24430B2
:103AC000AFF26033B5A23821009013A804F016FBC2
:103AD000AFF25830AFF27433B8A24021009003A87F
:103AE00004F00CFB13A8019003A8029013AABDA137
:103AF0009548FEF766FB03AABAA19348FEF761FB5F
:103B000021A8022301AA00210090142001F0B9F994
:103B100038B9229A91B2219801F0FEFC21A800F058
:103B2000D3FD25B000BD2DE9F14F8AB000200990EA
:103B30000890079006900590814683460490039074
:103B40000A9800F009FE8146B9F1030F06D0B9F1D9
:103B5000040F7CD0B9F1090F7AD1AAE0A74805A9D2
:103B600006AA09ABCDE90021029007AA08A90A9884
:103B700001F0BFFA8346BBF1000F4DD1BDF818002C
:103B80000999CDE90010BDF81C309DA16E48089A36
:103B9000FEF717FBA9A1089803F0D6FB00283CD03C
:103BA000099802F0BFFC0646002E78D0A8A1304646
:103BB00003F0BEF88246BAF1000F2AD0AFF23021EE
:103BC000504603F0B5F807462FB9AFF23C215046F6
:103BD00003F0AEF807464BA1504603F0A9F8804623
:103BE000B8F1000F04D19CA1504603F0A1F8804623
:103BF00047B1F868012802D1FEF71AFB02E0002065
:103C0000FEF716FBB8F1000F03D098F81400FEF78A
:103C1000EAFF304601F084FE41E090A1089803F0ED
:103C200093FB00283BD0099802F07CFC0646002E4E
:103C300034D091A1304603F07BF8044690A1304681
:103C400003F076F805463DB98EA1304601E027E045
:103C50003DE003F06DF8054694B1E068032805D116
:103C60008AA139486269FEF7ACFA09E0E0680428E5
:103C700006D1206920B18CA133482269FEF7A1FA50
:103C80004DB1E868042806D1286920B18DA12E48DD
:103C90002A69FEF796FA304601F042FE00BF19E0AD
:103CA0000A9801F026FB18B98DA12748FEF789FA7A
:103CB00010E00A9801F064F920B991A12248FEF7BA
:103CC00080FA03E095A12048FEF77BFA02E04FF06E
:103CD000FF3B00BF00BF01F0CFFB0BF1010010B9AB
:103CE0000BB0BDE8F08FB9F10F0F02D0B9F1030F9F
:103CF00005D1089804F0AEFF099804F0ABFF00BFAF
:103D0000EEE7000066616E5F76616C75650000002D
:103D1000222573223A7B2276616C7565223A2564EE
:103D20007D0000007D7D0000546970733A094F6E7C
:103D3000654E65745F53656E64446174612D4D51C9
:103D400054540D0A000000000038014053656E64B1
:103D50002025642042797465730D0A005741524E44
:103D60003A094544505F4E65774275666665722034
:103D70004661696C65640D0A000000005075626C54
:103D800069736820546F7069633A2025732C204D45
:103D900073673A2025730D0A0000000024737973BD
:103DA0002F25732F25732F7468696E672F70726FBC
:103DB00070657274792F73657400000024737973D1
:103DC0002F25732F25732F7468696E672F70726F9C
:103DD00070657274792F706F73742F7265706C795F
:103DE0000000000053756273637269626520546F4E
:103DF0007069633A2025730D0A0000004800002016
:103E0000746F7069633A2025732C20746F70696336
:103E10005F6C656E3A2025642C207061796C6F614F
:103E2000643A2025732C207061796C6F61645F6C3B
:103E3000656E3A2025640D0A000000007468696E02
:103E4000672F70726F70657274792F7365740000DC
:103E5000706172616D73000066616E007468696EF6
:103E6000672F70726F70657274792F706F73742F13
:103E70007265706C79000000636F6465000000007B
:103E80006D7367006D657373616765004F6E654E96
:103E9000455420506F7374205265706C7920636FA5
:103EA00064653D25640D0A004F6E654E45542050F3
:103EB0006F7374205265706C7920636F64653D2563
:103EC000730D0A004F6E654E455420506F73742079
:103ED0005265706C79206D73673D25730D0A000083
:103EE000546970733A094D515454205075626C698D
:103EF00073682053656E64204F4B0D0A000000006C
:103F0000546970733A094D51545420537562736368
:103F100072696265204F4B0D0A000000546970738E
:103F20003A094D5154542053756273637269626546
:103F3000204572720D0A0000F0B50446142C06DA12
:103F400001EA020523EA010685EA060019E0282CA9
:103F500004DA81EA020787EA030012E03C2C0ADA5D
:103F600001EA020501EA030787EA050602EA0307F8
:103F700087EA060005E0502C03DA81EA020787EAA7
:103F80000300F0BD0146142901DAF7480AE02829A8
:103F900001DAF64806E03C2901DAF54802E050294A
:103FA00000DAF4487047F0B5024601209040441E04
:103FB000E54301EA050020FA02F601EA0400C2F135
:103FC000200C00FA0CF746EA07031846F0BDF0B5DE
:103FD0000246C2F1200C012000FA0CF0441EE54319
:103FE00001EA040000FA02F601EA0500C2F1200C21
:103FF00020FA0CF746EA07031846F0BD2DE9F04F0A
:10400000DDB007468A4615460AF1080909F101099B
:104010004FEACA005B9048464FEAE97109EB9161AB
:104020008E1148464FEAE97109EB91618911A9EBBC
:1040300081115C915C98002800DD761C5C98C0F1D1
:1040400040008144D04604E0002007F8080008F151
:104050000108B8EB861FF7DB802007F80A00012172
:10406000C1EB86115B9878545B98C0F3072002215E
:10407000C1EB861178545B98C0F307400321C1EB74
:10408000861178545B98000E0421C1EB8611785498
:10409000B9485690B9485790B748C0435890B74868
:1040A000C0435990B6485A904FF00008A5E000244C
:1040B00052E0102C32D24FEA881000EB8400385CBA
:1040C000000601A941F824004FEA881000EB8400A3
:1040D000401C385C51F824104FF4803202FB001071
:1040E00001A941F824004FEA881000EB8400801CED
:1040F000385C51F82410121202FB001001A941F89B
:1041000024004FEA881000EB8400C01C385C51F892
:104110002410084401A941F824001CE0502C1AD2B4
:10412000E01E01AA52F82000A4F1080201AB53F8E6
:1041300022205040A4F10E0253F822205040A4F156
:10414000100253F8222080EA02010120FFF73FFF0E
:1041500001A941F82400641C502CAAD3569855900C
:104160005798549058985390599852905A98519003
:1041700000242AE005205599FFF729FF83462046B1
:10418000529B539A5499FFF7D7FE58440090519987
:104190000098084400902046FFF7F4FE0099084478
:1041A000009001A850F824100098084400905298FC
:1041B0005190539852901E205499FFF708FF539046
:1041C0005598549000985590641C502CD2D3569911
:1041D00055980844569057995498084457905899C0
:1041E00053980844589059995298084459905A99AC
:1041F000519808445A9008F10108B045FFF657AFAE
:104200005698E8705698000AA8705698000C687086
:104210005698000E28705798E8715798000AA871B0
:104220005798000C68715798000E28715898E872DA
:104230005898000AA8725898000C68725898000E96
:1042400028725998E8735998000AA8735998000C75
:1042500068735998000E28735A98E8745A98000A9F
:10426000A8745A98000C68745A98000E28745DB0AF
:10427000BDE8F08F2DE9F04FADF5B36D07460E4662
:1042800092469846DDF8BC9540254FF0360B5C20F1
:10429000CDF89405002404E000200DF25451085597
:1042A000641C402CF8DBAE421DD0AE420FDD4A4606
:1042B00031463846FFF7A2FE002405E019F8040055
:1042C0000DF254510855641C142CF7DB14E0AE4277
:1042D00012DA002404E0385D0DF254510855641CD4
:1042E000B442F8DB08E0002404E0385D0DF25451DC
:1042F0000855641CAC42F8DB002408E00DF2545071
:10430000005D80EA0B000DF214510855641C402C2E
:10431000F4DB002405E00DF21450005D15A90855EA
:10432000641C402CF7DB002406E01AF8041015AAE0
:1043300004F140001154641C4445F6DB08EB050110
:104340004A4615A8FFF75AFE002409E00DF2545022
:10435000005DDDF8941548400DF2D4410855641C09
:10436000402CF3DB002413E09979825AA1EBD96E3B
:10437000DCBC1B8FD6C162CA0123456789ABCDEF78
:10438000F0E1D2C30DF2D440005D0DF80400641CCE
:10439000402CF7DB002406E019F8041004F140007B
:1043A0000DF80010641C142CF6DB4A4605F11401CC
:1043B0006846FFF723FE0DF5B36DBDE8F08F0000F2
:1043C0002DE9F04F07468946099C00250026AC469A
:1043D000A846AA4600211CB900201060BDE8F08F55
:1043E0000320B4FBF0F04FF0030BB4FBFBFE0BFB20
:1043F0001E4BBBF1000F02D04FF0010B01E04FF05C
:10440000000B00EB0B06B6F1804F05D34FF0FF30E9
:1044100010606FF02900E1E7B600701C814500D301
:1044200027B9701C10606FF02900D7E70320B4FB98
:10443000F0F000EB40060025394629E013F801CBE7
:1044400013F8018B13F801AB87484FEA9C0B10F867
:104450000B0001F8010B4FEA0C1000EB281000F0E4
:104460003F00DFF804B21BF8000001F8010B4FEA2F
:10447000880000EBAA1000F03F001BF8000001F8D4
:10448000010B0AF03F001BF8000001F8010BED1CC6
:10449000B542D3D3A5422DD213F801CB681CA0425C
:1044A00002D213F8010B00E0002080466E48CCF3E6
:1044B000850B10F80B0001F8010B4FEA0C1000EB14
:1044C000281000F03F00DFF8A0B11BF8000001F851
:1044D000010B681CA04207D23F2000EA88001BF8AD
:1044E000000001F8010B02E03D2001F8010B3D2026
:1044F00001F8010BC81B10600020087000BF6DE7B9
:104500002DE9F047074689469046DDF820C0002196
:104510000022002400260025002004460246014611
:1045200045E0002601E0491C761C614502D2585C3A
:104530002028F8D0614500D13BE0ACEB0100022817
:1045400007D3585C0D2804D1481C185C0A2800D1F8
:104550002CE0585C0A2800D128E01EB16FF02B0037
:10456000BDE8F087585C3D2806D1601C044602284F
:1045700002D96FF02B00F3E7585C7F2806DC585C0B
:10458000DFF8E8A01AF800007F2802D16FF02B00B6
:10459000E6E7585CDFF8D4A01AF80000402803DAF8
:1045A00014B16FF02B00DBE7521C00BF491C6145C2
:1045B000B7D300BF1AB90020C8F80000D0E7D00870
:1045C00000EB40004FEA400A02F0070000EB400019
:1045D0004000C01D0AEBD002121B0FB1914504D25E
:1045E000C8F800206FF02900BAE70324002006462F
:1045F00002463D4631E018780D2805D018780A2883
:1046000002D01878202800D125E01878DFF85CA0C7
:104610001AF80000402801D1012000E00020241AEF
:104620001878DFF848A01AF8000066F39F100646D5
:10463000501C024604280DD1002214B1300C05F89C
:10464000010B012C02D9300A05F8010B022C01D90B
:1046500005F8016B00BF491E5B1C0029CBD1E81B8C
:10466000C8F8000000207BE7549D0008949D0008D6
:1046700070B504460E460025206898B901202073C5
:10468000304604F00FFB20602068E0B1002060603D
:10469000A66003E00020216848556D1CA068A84270
:1046A000F8D810E00220207303E00020216848556C
:1046B0006D1CA068A842F8D800206060A068B042D5
:1046C00001D20020206070BD10B50446207B012877
:1046D00002D1206804F0BEFA002020606060A06073
:1046E000207310BD0246002301230DE002F07F007D
:1046F0000870D2092AB1087840F080000870491C7F
:1047000001E0184670475B1C042BEFDD4FF0FF30D3
:10471000F8E7F0B504460D46264601230020106058
:10472000002114E0775C07F07F07106807FB0300A7
:104730001060705C00F0800008B9481CF0BDDB011F
:10474000B3F5001F02D36FF00100F7E7491CA9423F
:10475000E8DB4FF0FF30F1E7F8B50446FF2720789B
:104760000511012D01DB0E2D01DD3846F8BD032DAD
:1047700024D1002000906A460421601CFFF7C9FF85
:104780002044461C0098022803D3207800F0010042
:1047900008B1FF20EAE77078317840EA0120801CF8
:1047A0000099884201D9FF20E0E7F8A1B01C02F08F
:1047B000CBFD08B10F2700E0032700E02F46384665
:1047C000D4E72DE9FF4F83B082468B469146159C76
:1047D0000025002002900F270190484602F0D0FDEE
:1047E0000FFA80F8B9F1000F03D1012007B0BDE83E
:1047F000F08F08F10200384487B2109808B145F0F4
:104800000205129878B145F00405129802F0B8FD3F
:10481000C0B20290139802F0B3FD01460298001D49
:104820000844384487B2119820B1012804D00228E6
:1048300008D104E000BF07E045F00C0504E045F0B6
:10484000140501E00220D1E700BF149808B145F03B
:104850002405BAF1000F02D0BBF1000F01D10320F3
:10486000C4E745F0C005504602F08AFD06465846AA
:1048700002F086FD3044001D384487B23946204698
:10488000FFF7F6FE206808B90420AFE73946206834
:1048900002F043FD10216268501C60602068815462
:1048A000D4E90023D118781FFFF71CFF00B2019054
:1048B0000198002804DA2046FFF706FF052095E757
:1048C000616801980844606000216268501C606063
:1048D0002068815404216268501C60602068815403
:1048E0004D216268501C60602068815451216268CB
:1048F000501C60602068815454216268501C6060C4
:10490000206881546268501C6060206881540421D2
:104910006268501C6060206881546168481C606057
:10492000206845540698010A6268501C606020683F
:1049300081540698C1B26268501C6060206881543E
:10494000C8F307216268501C606020688154626867
:10495000501C6060206800F80280D4E900128818BA
:104960004246494602F013FD60684044606005F02D
:104970000400B8B30026139808B986A013901298C3
:1049800002F0FEFC86B2310A6268501C606020684A
:1049900081546268501C606020688654D4E900121B
:1049A00088183246129902F0F2FC60683044606068
:1049B000139802F0E5FC86B2310A6268501C606010
:1049C000206881546268501C606020688654D4E975
:1049D000001288183246139902F0D9FC60683044FE
:1049E000606000BF05F08000C8B1504602F0C8FC0E
:1049F00086B2310A6268501C606020688154626827
:104A0000501C606020688654D4E900128818324631
:104A1000514602F0BCFC60683044606000BF05F0A5
:104A20004000C8B1584602F0ABFC86B2310A626859
:104A3000501C6060206881546268501C606020686F
:104A40008654D4E9001288183246594602F09FFC79
:104A500060683044606000BF0020C7E610B50446BF
:104A600002212046FFF704FE206808B9012010BD8E
:104A7000E0216268501C60602068815400216268F7
:104A8000501C6060206881540020F0E7014648789F
:104A9000022801D001207047887810B18878012859
:104AA00001D1C878F7E7FF20F5E72DE9FF4F83B084
:104AB000834617469946139C002500260020029045
:104AC00001908046BBF1000F03D1012007B0BDE883
:104AD000F08F00260AE00498805D232803D0049814
:104AE000805D2B2801D10220F0E7761C0498805DC0
:104AF0000028F0D148F03008119808B148F00108BA
:104B000006EB0900851C109820B1012804D002286A
:104B10000AD105E000BF09E048F00208AD1C05E03D
:104B200048F00408AD1C01E00320CFE700BF67B3E5
:104B30003878022821D14FF0000A00BF50460AF110
:104B4000010A385C7D28F9D1AAF1030A0AF10700AD
:104B500002900298A9EB000AE81CA0EB0A0120468B
:104B6000FFF786FD206808B90420AFE7EA1CA2EB36
:104B70000A01206802F0D1FB1FE0691D2046FFF703
:104B800077FD206840B90420A0E70AE0246372653D
:104B90007100000000000000691D206802F0BDFBEC
:104BA0000BE0691D2046FFF763FD206808B904206B
:104BB0008CE7691D206802F0B0FB6168481C6060EA
:104BC000206800F80180D4E9000281182846FFF728
:104BD00089FD01900198002804DA2046FFF774FD52
:104BE000052073E76168019808446060C6F30721F7
:104BF0006268501C6060206881546268501C60606C
:104C000020688654D4E9001288183246049902F0CC
:104C1000BEFB606830446060109860B14FEA1B21B1
:104C20006268501C6060206881546268501C60603B
:104C3000206800F802B0C7B1387802280BD1D4E957
:104C4000001288183946029A02F04EFB61680298F9
:104C50000844606009E0D4E9001288184A463946E1
:104C600002F042FB60684844606000202EE72DE9B6
:104C7000F04190B004460D4616469846169F2346CE
:104C8000F7A2302104A8009503F038FA0120002192
:104C9000CDE9000133460A4604A9CDE902070A20FE
:104CA000FFF703FF18B1012010B0BDE8F08100202C
:104CB000FAE72DE9F04F85B080460D469146012078
:104CC00004900027002600244FF0000A404602F01E
:104CD00057FB00F10D0B584603F0E4FF07461FB9E0
:104CE000049805B0BDE8F08F4246E5A1384603F0D0
:104CF0001FFA384602F044FBC6B2F01D00EB050A6D
:104D0000AAEB050003F0CEFF044624B9384603F0B1
:104D1000A1FF0498E5E70220207000206070A670D3
:104D200032463946E01C02F0DFFA290EF01C21540D
:104D3000C5F30741301D2154C5F30721701D2154CF
:104D4000B01D255401200021CDE900015346224623
:104D5000CFA1CDE902090A20FFF7A7FE08B900207C
:104D60000490384603F076FF204603F073FF049862
:104D7000B7E72DE9F84380460C4615461E462F211D
:104D800008F1060002F0F2FA07460020009017B979
:104D90000120BDE8F8837F1C6A46042108F1010068
:104DA000FFF7B7FC252003F07DFF2060206808B9DD
:104DB0000220EEE72521206802F0AFFA24223946CE
:104DC000206802F091FA243700982C38308031881E
:104DD000481C03F067FF2860286820B9206803F0AA
:104DE00039FF0320D5E73288511C286802F095FA74
:104DF00032883946286802F077FA0020C9E72DE9A1
:104E0000FF5F07460D469046384602F0B9FA86B273
:104E1000284602F0B5FA1FFA80FA4FF00009F01D9B
:104E200003F040FF04461CB9012004B0BDE8F09F28
:104E3000F11D204602F071FA96A001682160808879
:104E4000A08032463946204602F0A1FA284602F0F8
:104E500097FA83460120002100915B462A46CDE95E
:104E60000208019121460A20FFF71FFE10B94FF0FA
:104E7000000901E04FF00109204603F0EBFE48462F
:104E8000D3E72DE9FF5F8046174699460E9C002622
:104E9000B246B3460025B8F1000F03D1012004B09B
:104EA000BDE8F09F0BE057F8250008B90220F6E7AF
:104EB00057F8250002F064FA0644681CC5B24D4557
:104EC000F1DB09EB4900801C00EB060A0AF1050141
:104ED0002046FFF7CDFB206808B90320DFE78221D9
:104EE0006268501C606020688154D4E90002811817
:104EF0005046FFF7F7FB0FFA80FBBBF1000F04DA17
:104F00002046FFF7E1FB0420C9E760685844606071
:104F10004FEA18216268501C606020688154626802
:104F2000501C6060206800F80280002524E057F8DB
:104F3000250002F025FA0646C6F307216268501CD8
:104F40006060206881546268501C606020688654EC
:104F5000D4E90023D01857F82510324602F017FA8A
:104F60006068304460600198C1B26268501C606043
:104F700020688154681CC5B24D45D8DB00208EE7FF
:104F80000146FF208A78A2B9CA78142A11D10A7979
:104F900032B1012A05D0022A04D0802A06D103E0CA
:104FA00000BF00BF002003E0012001E0022000BF9D
:104FB00000BF70472DE9F05F80460F4691461C46C2
:104FC0000026B246B3460025B8F1000F02D10120F9
:104FD000BDE8F09F0BE057F8250008B90220F7E77D
:104FE00057F8250002F0CCF90644681CC5B24D45BF
:104FF000F1DB022000EB490000EB060A0AF1050193
:105000002046FFF735FB206808B90320E0E7A2211E
:105010006268501C606020688154D4E900028118E5
:105020005046FFF75FFB0FFA80FBBBF1000F04DA7D
:105030002046FFF749FB0420CAE7606858446060D7
:105040004FEA18216268501C6060206881546268D1
:10505000501C6060206800F8028000253CE00000E1
:10506000247379732F25732F25732F7468696E67E6
:105070002F70726F70657274792F706F7374000087
:105080007B2264735F6964223A222573227D0000CB
:105090002464700024637273702F000057F8250099
:1050A00002F06EF90646C6F307216268501C606084
:1050B000206881546268501C606020688654D4E97E
:1050C0000023D01857F82510324602F060F96068C6
:1050D00030446060681CC5B24D45DFDB002077E7D7
:1050E000014601208A781AB9CA781E2A00D1002008
:1050F00070472DE9FC5F81460D4614461E46DDE9EA
:105100000C8B99F8000000F00F0A002001900AF0C3
:1051100008000090CAF341008BF8000001AA0421A6
:1051200009F10100FFF7F5FA4844471C01980228ED
:1051300002D30AF0010010B1FF20BDE8FC9F78788F
:10514000397840EA012020802088801C019988421B
:1051500001D9FF20F1E7AFF2CC51B81C02F0F4F80E
:1051600008B10F20E9E79BF8000020B101283DD0ED
:10517000022877D13BE0009808B1FF20DDE72188C5
:10518000481C03F08FFD2860286808B9FF20D4E789
:105190002288511C286802F0C0F82288B91C2868AF
:1051A00002F0A2F80198801E2188401AA8F8000099
:1051B000B8F80010481C03F075FD3060306820B965
:1051C000286803F047FDFF20B7E7B8F80020511C1E
:1051D000306802F0A2F8B8F80020B4F800C0BB1C98
:1051E0000CEB0301306802F07FF84FE000BF20882D
:1051F000801C0199884201D9FF209EE72088C01CAD
:10520000395C2088801C385C41EA00210E980180BE
:105210000E9808B9FF2090E72188481C03F042FD52
:105220002860286808B9FF2087E72288511C286871
:1052300002F073F82288B91C286802F055F801982A
:10524000001F2188401AA8F80000B8F80010481C78
:1052500003F028FD3060306828B9286803F0FAFCB4
:10526000FF206AE710E0B8F80020511C306802F017
:1052700054F8B8F80020B4F800C03B1D0CEB030153
:10528000306802F031F801E0FF2056E700BF2B2123
:10529000284602F06BF820B92321284602F066F870
:1052A00008B1FF2049E7002047E770B505460C46E6
:1052B00004212046FFF7DCF9206808B9012070BD01
:1052C00040216268501C606020688154022162683D
:1052D000501C60602068815429126268501C606014
:1052E000206881546268501C6060206885540020EA
:1052F000E5E701464878022801D001207047887808
:1053000020B9C8780A2801D10020F7E70120F5E785
:1053100070B505460C4604212046FFF7A9F9206820
:1053200008B9012070BD50216268501C606020687F
:10533000815402216268501C6060206881542912E7
:105340006268501C6060206881546268501C606014
:10535000206885540020E5E701464878022801D0FE
:1053600001207047887820B9C8780A2801D1002028
:10537000F7E70120F5E770B505460C460421204605
:10538000FFF776F9206808B9012070BD62216268D4
:10539000501C60602068815402216268501C60606B
:1053A0002068815429126268501C60602068815412
:1053B0006268501C6060206885540020E5E7024662
:1053C0005078022801D0012070479078B0EB112F5F
:1053D00005D1D078CBB2984201D10020F4E701206A
:1053E000F2E770B505460C4604212046FFF740F968
:1053F000206808B9012070BD70216268501C60608F
:105400002068815402216268501C606020688154C9
:1054100029126268501C6060206881546268501CC8
:105420006060206885540020E5E70146487802283E
:1054300001D001207047887820B9C8780A2801D1A6
:105440000020F7E70120F5E710B5044602212046C9
:10545000FFF70EF9206808B9012010BDC02162686D
:10546000501C60602068815400216268501C60609C
:10547000206881540020F0E710B54FF40071A64871
:1054800001F04BFF0020A549088010BDA34800880B
:1054900008B901207047A1480088A14909888842BD
:1054A00003D100209D490880F4E79C4800889C496E
:1054B00008800120EEE72DE9F04104460D464FF447
:1054C000C876204601F05CFF87B23A4621469548EF
:1054D000FCF75EFE14E0FFF7D9FF70B929468E484D
:1054E00001F032FF48B190480068401C8E490860C6
:1054F000FFF7C2FF0020BDE8F0810520FCF762FD48
:10550000301EA6F101018EB2E5D188480068401C2A
:10551000864908600120EEE730B589B005460C46A3
:10552000FFF7AAFF224682A101A802F001FE84A192
:1055300001A8FFF7C0FF48B9224629467948FCF781
:1055400027FE8048006820447E49086009B030BDCD
:1055500070B50546002400BFFFF798FFA8B97AA1EF
:105560006D4801F0F1FE04467CB13A21204601F07D
:10557000FDFE04463CB1641C75480068401C74493B
:105580000860204670BD0020FCE70520FCF71AFDEE
:10559000281EA5F101018DB2DED100BFF2E770B582
:1055A000FFF76AFF6BA16D48FCF70BFE0025002496
:1055B0000CE06BA16BA0FFF77EFF08B9012507E0A7
:1055C0004FF49670FCF7FEFC601CC4B20A2CF0DBB2
:1055D00000BF25B965A16148FCF7F3FD70BD67A167
:1055E0005E48FCF7EEFD002500240CE05CA166A0FF
:1055F000FFF761FF08B9012507E04FF49670FCF74B
:10560000E1FC601CC4B20A2CF0DB00BF25B962A12A
:105610005248FCF7D6FDE1E764A15048FCF7D1FD04
:10562000002500240CE04EA164A0FFF744FF08B958
:10563000012507E04FF49670FCF7C4FC601CC4B26F
:105640000A2CF0DB00BF25B960A14448FCF7B9FD86
:10565000C4E763A14148FCF7B4FD002500240CE039
:1056600062A164A0FFF727FF08B9012507E04FF406
:10567000FA70FCF7A7FC601CC4B2142CF0DB00BF6E
:1056800025B96AA13548FCF79CFDA7E76CA1334812
:10569000FCF797FD00BFA1E710B540F22551214866
:1056A000FBF77AFCE0B11D480088B0F5007F02D31B
:1056B00000201A4908801B48001D0088C1B2174805
:1056C00002880088401C154B18801348815462489A
:1056D0000068401C6049086020211248FBF753FC19
:1056E00010BD1848006870475B480068704718484C
:1056F000006870470C48006870470C4800687047A5
:1057000000201049086054490860114908600649A2
:105710000860064908607047BC0400204C00002067
:105720004E000020004400405C000020600000208B
:1057300041542B43495053454E443D25640D0A00C6
:105740003E000000500000204950442C00000000A2
:1057500058000020312E2041540D0A00003801402D
:105760004F4B000041540D0A00000000312E204133
:10577000542074696D656F75740D0A00322E2043D4
:10578000574D4F44450D0A0041542B43574D4F444C
:10579000453D310D0A000000322E2043574D4F4445
:1057A000452074696D656F75740D0A00332E2041B4
:1057B000542B4357444843500D0A000041542B4397
:1057C00057444843503D312C310D0A00332E2043BD
:1057D00057444843502074696D656F75740D0A0015
:1057E000342E2043574A41500D0A0000474F5420A1
:1057F0004950000041542B43574A41503D22E8BFD5
:1058000099E9878CE5B08FE6989FE593A6E79A849F
:105810005869616F6D692031352050726F222C22DA
:105820006378303730373234220D0A00342E20436B
:10583000574A41502074696D656F75740D0A0000F8
:10584000352E204553503832363620496E69742043
:105850004F4B0D0A0000000054000020FE48006875
:10586000704770B504460D462CB9AC4201D00120FA
:1058700070BD0020FCE70DB90120F9E705E02078B4
:1058800008B90020F4E7641C6D1C207801F026FDA7
:105890000646287801F022FD8642F0D0207801F0FB
:1058A0001DFD0646287801F019FD301AE0E770B5B5
:1058B0000446204601F064FD451C2846E749096876
:1058C0008847061E00D170BD2A462146304601F0A9
:1058D0000BFD3046F7E730B9E149E04A1160E14994
:1058E000E14A11607047016809B1016800E0DC49D4
:1058F000DA4A1160416809B1416800E0D949DA4AE1
:10590000116000BFEEE710B52820D4490968884728
:1059100004461CB12821204601F0FFFC204610BDA2
:1059200070B5044622E02568A08900F4807020B993
:10593000A06810B1A068FFF7F3FFA08900F48070A1
:1059400028B9206918B1C849206909688847A08921
:1059500000F4007028B9206A18B1C349206A0968A8
:1059600088472046C049096888472C46002CDAD170
:1059700070BD2DE9F04F8BB083468A460020044667
:1059800005460026B94F0021884689460990012026
:1059900008909AF800002D2802D1B54F0AF1010AAB
:1059A0009AF80000302801D10AF1010A9AF80000A3
:1059B000312822DB9AF8000039281EDC00BF1AF8D3
:1059C000011BA1F1300001F05AFF0022A94BCDE9E3
:1059D00006012046294601F0E0FECDE90401DDE99B
:1059E000062301F033FE04460D469AF800003028E5
:1059F00003DB9AF800003928E1DD9AF800002E2830
:105A000030D19AF8010030282CDB9AF801003928AF
:105A100028DC0AF1010A00BF1AF8011BA1F13000CD
:105A200001F02DFF0022934BCDE9060120462946C7
:105A300001F0B3FECDE90401DDE9062301F006FE25
:105A400004460D460022894B4046494601F09FFE20
:105A5000804689469AF80000302803DB9AF8000057
:105A60003928D9DD9AF80000652803D09AF800009B
:105A7000452823D10AF1010A9AF800002B2802D107
:105A80000AF1010A08E09AF800002D2804D14FF02D
:105A9000FF3008900AF1010A08E01AF8010B3038CB
:105AA000099901EB810100EB410009909AF800008F
:105AB000302803DB9AF800003928EEDDDDE9082103
:105AC00001FB02F001F0DBFE42464B46CDE900014E
:105AD00001F0BCFD02460B46CDE9020100206549FC
:105AE00003F016F922462B46CDE906013046394629
:105AF00001F053FECDE90401DDE9062301F04DFE7E
:105B000004460D46CBE906452046294601F0C8FE6D
:105B1000CBF814000320CBF80C0050460BB0BDE8C6
:105B2000F08F0146491E41EA610141EAA10141EAC3
:105B3000211141EA212141EA2141481C70472DE908
:105B4000F04104460E460CB1206810B90020BDE8B3
:105B5000F081A06806446068B04203DBA168206859
:105B60000844F4E73046FFF7DCFF074638463B4978
:105B70000968884705463DB93B4920680968884758
:105B8000002060602060E2E725B12846D4E90012D9
:105B900001F0AAFB344920680968884767602560DE
:105BA000A0682844D3E770B504460CB1206808B952
:105BB000002070BDA16820684518284601F0E0FB70
:105BC000A1680844F5E72DE9FC4782460E464FF0F0
:105BD0000009DAE90645002213462046294601F06D
:105BE00091FE13D12EB102213046FFF7A8FF814666
:105BF00004E002201949096888478146B9F1000F7D
:105C000003D01DA00088A9F800009FE0DAF8140076
:105C100001F035FE074622462B4601F0B8FD21F083
:105C200000410022154BCDE9000101F06BFE3ED88A
:105C3000134A144B2046294601F064FE37D800224F
:105C4000114B2046294601F075FE30D806B31521C8
:105C50003046FFF774FF19E0640000206800002060
:105C6000A58C0008558C00086C0000200000F03F57
:105C70000000F0BF00002440300000000000B03CF5
:105C80000000C0FFFFFFDF410000E0C1814604E0EB
:105C90001520FA49096888478146B9F1000F55D0A7
:105CA000F7A14846DAF8142002F042FA4EE02EB18D
:105CB00040213046FFF743FF814604E04020EF4992
:105CC000096888478146B9F1000F3FD02046294630
:105CD00002F052FF074622462B4601F058FD21F004
:105CE00000410022E74BCDE9000101F00BFE0FD887
:105CF00025F000412746E44AE44B384601F002FE15
:105D000006D222462B46E2A1484602F011FA1DE0D7
:105D100025F000412746E04AE04B384601F0F2FD0D
:105D200007D325F000410022DD4B384601F002FE8A
:105D300006D222462B46DBA1484602F0F9F905E0DF
:105D400022462B46D8A1484602F0F2F94846BDE863
:105D5000FC87014600220878302806DB08783928BD
:105D600003DC08783038024415E00878412806DB67
:105D70000878462803DC0878373802440BE00878B6
:105D8000612806DB0878662803DC08785738024467
:105D900001E0002070471201491C0878302806DB1A
:105DA0000878392803DC08783038024415E0087890
:105DB000412806DB0878462803DC08783738024497
:105DC0000BE00878612806DB0878662803DC087891
:105DD0005738024401E00020DCE71201491C087832
:105DE000302806DB0878392803DC0878303802448C
:105DF00015E00878412806DB0878462803DC087897
:105E0000373802440BE00878612806DB08786628FA
:105E100003DC08785738024401E00020BAE7120199
:105E2000491C0878302806DB0878392803DC087814
:105E30003038024415E00878412806DB0878462807
:105E400003DC0878373802440BE00878612806DB69
:105E50000878662803DC08785738024401E00020FF
:105E600098E7104696E72DE9F05F8346884608F1EB
:105E70000104002798F80000222805D08B48C0F8BC
:105E800000800020BDE8F09F04E014F8011B5C29AD
:105E900000D1641C2078222804D0207810B1781C0E
:105EA000071EF2D1781C7549096888478146B9F107
:105EB000000F01D10020E5E708F101044D469EE006
:105EC00020785C2804D014F8010B05F8010B96E04B
:105ED000641C2078722818D006DC622809D0662855
:105EE0000BD06E287ED10CE0742812D07528F9D121
:105EF00013E0082005F8010B7FE00C2005F8010BEA
:105F00007BE00A2005F8010B77E00D2005F8010B76
:105F100073E0092005F8010B6FE0601CFFF719FF23
:105F20000646241DB6F55C4F02D3B6F5604F00D38C
:105F300006B962E0B6F5584F1CD3B6F55C4F19D2DE
:105F400060785C2802D1A078752800D055E0E01C6C
:105F5000FFF7FFFE8246A41DBAF55C4F02D3BAF5E7
:105F6000604F00D349E0C6F30901504661F39F201A
:105F700000F580360427802E01D2012708E0B6F50F
:105F8000006F01D2022703E0B6F5803F00D203275D
:105F90003D44012F20D0022F15D0032F0AD0042F0B
:105FA00024D106F0BF0040F08001681E0546017054
:105FB000B60900BF06F0BF0040F08001681E05462C
:105FC0000170B60900BF06F0BF0040F08001681EF6
:105FD00005460170B60900BF3548C05D3043C1B207
:105FE000681E00E005E00546017000BF00BF3D44AB
:105FF00003E0207805F8010B00BF00BF641C207887
:10600000222803D0207800287FF45AAF002028707F
:106010002078222800D1641CCBF810900420CBF803
:106020000C0020462EE72DE9F05F804689460027C8
:10603000BB46454611E02878002802DD2878202854
:1060400005DB2878222802D028785C2801D101209D
:1060500000E0002040EA0B0B6D1C28780028EAD1F4
:10606000BBF1000F3ED1A5EB0807B9F1000F21D01D
:10607000F91C4846FFF763FD064620E06800002053
:10608000256400000000B03C44F3C2E4E4E9634C42
:10609000252E3066000000008DEDB5A0F7C6B03E9D
:1060A00065CDCD4125650000256600006400002017
:1060B000149E0008F81CFD4909688847064616B971
:1060C0000020BDE8F09F3446222004F8010B414631
:1060D000204601F070F92220E0550021781C21545F
:1060E0003046EEE7B8F1000F16D1B9F1000F05D038
:1060F00003214846FFF723FD064604E00320EB4951
:106100000968884706460EB90020DAE7E8A130465C
:1061100001F051F93046D4E745460BE05146E5A081
:1061200001F024F908B17F1C03E0BAF1200F00DA76
:106130007F1D6D1C95F800A0BAF1000F02D0781CED
:10614000071EEBD1B9F1000F05D0F91C4846FFF747
:10615000F6FC064604E0F81CD44909688847064660
:106160000EB90020ADE734464546222004F8010B65
:1061700047E028781F280ADD2878222807D02878C9
:106180005C2804D015F8010B04F8010B39E05C2001
:1061900004F8010B15F8011B8A460C2919D006DCFE
:1061A000082912D0092920D00A2922D115E00D2969
:1061B00017D0222905D05C291BD15C2004F8010BE3
:1061C0001EE0222004F8010B1AE0622004F8010B03
:1061D00016E0662004F8010B12E06E2004F8010BB3
:1061E0000EE0722004F8010B0AE0742004F8010BA1
:1061F00006E05246B1A1204601F09AFF641D00BF9F
:1062000000BF28780028B4D1222004F8010B002018
:1062100004F8010B304654E770B504460D46294694
:106220002069FFF700FF70BD00E0401C20B101783D
:1062300011B101782029F8DD70472DE9F0470646B5
:106240000C4620787B2804D09E4804600020BDE8DE
:10625000F0870620F060601CFFF7E6FF0446207818
:106260007D2801D1601CF2E7FFF74DFB0546B060C9
:10627000B06808B90020EAE72046FFF7D5FF80465E
:1062800041462846FFF7EFFD0746FFF7CDFF0446DE
:106290000CB90020DBE728692862002028612078FB
:1062A0003A2803D0874804600020D0E7601CFFF73D
:1062B000BBFF80464146284600F099F80746FFF7A5
:1062C000B3FF04460CB90020C1E731E0FFF71BFB28
:1062D000071E00D1BBE72F607D603D46601CFFF7C5
:1062E000A3FF814649462846FFF7BDFD8046FFF7DC
:1062F0009BFF04460CB90020A9E72869286200200A
:10630000286120783A2803D06E48046000209EE778
:10631000601CFFF789FF81464946284600F067F870
:106320008046FFF781FF04460CB900208FE700BFCD
:1063300020782C28CAD020787D2801D1601C86E7DF
:1063400060480460002082E72DE9F04705460C46CE
:1063500020785B2804D05B4804600020BDE8F0870B
:106360000520E860601CFFF75FFF044620785D2889
:1063700001D1601CF2E7FFF7C6FA0646A860A868DC
:1063800008B90020EAE72046FFF74EFF8046414665
:10639000304600F02CF80746FFF746FF04460CB9DC
:1063A0000020DBE717E0FFF7AEFA071E00D1D5E7C4
:1063B00037607E603E46601CFFF736FF81464946E7
:1063C000304600F014F88046FFF72EFF04460CB963
:1063D0000020C3E700BF20782C28E4D020785D2877
:1063E00001D1601CBAE7374804600020B6E770B5F9
:1063F00005460C460CB9002070BD042232A120468F
:1064000000F0E2FF18B90220E860201DF4E7052241
:106410002FA1204600F0D8FF18B90020E860601DC9
:10642000EAE704222CA1204600F0CEFF20B901208B
:10643000E8606861201DDFE72078222804D121462A
:106440002846FFF710FDD7E720782D2805D02078C3
:10645000302807DB2078392804DC21462846FFF75E
:1064600088FAC9E720785B2804D121462846FFF73F
:106470006BFFC1E720787B2804D121462846FFF72F
:10648000DCFEB9E70F4804600020B5E72DE9F047CE
:1064900080460D4616460024FFF735FA07460020D1
:1064A00008490860E7B9BDE8F087000068000020EF
:1064B00022220000225C080C0A0D090075253034E8
:1064C00078000000640000206E756C6C0000000015
:1064D00066616C73650000007472756500000000F1
:1064E0004046FFF7A1FE814649463846FFF77FFF49
:1064F00004462CB93846FFF713FA0020BDE8F087B0
:1065000066B12046FFF790FE0446207830B1384649
:10651000FFF706FAFE4804600020EFE705B12C60A3
:106520003846EBE710B50446002211462046FFF737
:10653000ADFF10BD2DE9FF4F89B0884616461F46B6
:1065400000200890079006904FF0070A0025099850
:10655000D0F80890002002900190009004E002988A
:10656000401C0290D9F80090B9F1000FF7D10298C1
:10657000002835D157B116B108F1040000E003201E
:1065800001463846FFF7DBFA069009E016B108F13C
:10659000040100E003210846DE49096888470690A7
:1065A000069818B900200DB0BDE8F08F069C7B203E
:1065B00004F8010B66B10A2004F8010B002503E082
:1065C000092004F8010B6D1CA8F10100A842F7DCBA
:1065D0007D2004F8010B002004F8010B0698E2E787
:1065E000002F77D0BD680EB1022000E00120824666
:1065F0000AF101013846FFF7A2FA04460CB900205F
:10660000D1E77B2004F8010B16B10A2004F8010B36
:1066100000202070B8685044B8600998D0F80890FD
:1066200008F1010868E0B6B141463846FFF787FA3D
:1066300004460CB90020B6E70020039005E00920CD
:1066400004F8010B0398401C039003984045F6DBC7
:10665000B8684044B8603946D9F82000FFF7E3FC39
:106660003846FFF7A0FAB8600EB1022000E0012022
:10667000824651463846FFF762FA04460CB90020BC
:1066800091E73A2004F8010B16B1092004F8010B38
:10669000B8685044B8603B4632464146484600F030
:1066A00078FA3846FFF77FFAB8600EB1012000E0B3
:1066B0000020D9F8001009B1012100E0002100EB11
:1066C000010A0AF101013846FFF739FA044614B904
:1066D000002068E734E0D9F8000010B12C2004F85D
:1066E000010B16B10A2004F8010B00202070B868D5
:1066F0005044B860D9F80090B9F1000F93D116B1A9
:1067000008F1010000E0022001463846FFF717FAC1
:1067100004460CB9002046E74EB1002503E00920ED
:1067200004F8010B6D1CA8F10100A842F7DC7D20E4
:1067300004F8010B0020207038682844069005E119
:10674000029988007349096888470890089808B931
:10675000002028E7029988006E4909688847079059
:10676000079828B96C4908980968884700201AE7F3
:1067700002988100089800F0D0FD029881000798E7
:1067800000F0CBFD0998D0F8089008F1010806B197
:10679000C2442EE00021D9F82000FFF744FC049009
:1067A000079941F82500002332464146484600F04B
:1067B000F0F929466D1C0590089A42F821000498CA
:1067C00098B1059888B1059800F0DAFD83460498E1
:1067D00000F0D6FD0BEB0001891C16B108F1020098
:1067E00000E000200844824401E001200190D9F833
:1067F0000090B9F1000FCDD1019820B9504645491C
:10680000096888470690069808B901200190019808
:1068100018B3002514E0079850F8250028B107990F
:1068200051F825003C4909688847089850F8250028
:1068300028B1089951F825003749096888476D1C27
:1068400002988542E7DB344907980968884732494E
:106850000898096888470020A5E67B210698017002
:106860000698441C16B10A2004F8010B0020207081
:10687000002548E05EB10020039005E0092004F8FF
:10688000010B0398401C039003984045F6DB0799E1
:1068900051F8250000F074FD0090079850F825107D
:1068A0002046009A00F020FD009804443A2004F8A5
:1068B000010B16B1092004F8010B089850F82510B7
:1068C000204600F078FD089951F8250000F058FDA9
:1068D00004440298401EA84202D02C2004F8010B68
:1068E00016B10A2004F8010B00202070079951F816
:1068F0002500094909688847089951F82500064983
:10690000096888476D1C02988542B3DB024905E09F
:1069100064000020680000206C00002007980968CF
:106920008847F7490898096888474EB1002503E071
:10693000092004F8010B6D1CA8F10100A842F7DC46
:106940007D2004F8010B002004F8010B06982AE6CC
:106950002DE9FF4F85B092461E464FF0000B0520F3
:1069600003900598D0F80880D946002500200290B1
:10697000019003E009F10109D8F80080B8F1000F97
:10698000F8D1B9F1000F16D12EB103213046FFF72F
:10699000D6F8834604E00320DA490968884783462D
:1069A000BBF1000F03D0D8A1584600F004FD5846B3
:1069B00009B0BDE8F08F002E57D0B56801213046F0
:1069C000FFF7BDF804460CB90020F1E75B2020700A
:1069D000B068401CB0600598D0F808802EE03346BF
:1069E00052460699491C404600F0D3F83046FFF75E
:1069F000DAF8B060D8F80000F0B1BAF1000F01D0B9
:106A0000022000E0012003900399491C3046FFF763
:106A100096F804460CB90020CAE72C2004F8010BB4
:106A2000BAF1000F02D0202004F8010B00202070E2
:106A3000B16803980844B060D8F80080B8F1000F3E
:106A400002D002980028CAD002213046FFF777F81A
:106A500004460CB90020ABE75D2004F8010B0020D0
:106A60002070306800EB050B91E04FEA8900A549E2
:106A70000968884707460FB9002099E74FEA89015E
:106A8000384600F04AFC0598D0F8088021E0002341
:106A900052460699491C404600F07BF8049029466E
:106AA0006D1C049847F82100049870B1049800F018
:106AB00067FC801CBAF1000F01D0012100E0002129
:106AC000014403980844039001E001200290D8F8A3
:106AD0000080B8F1000F02D002980028D7D00298A9
:106AE00020B988490398096888478346BBF1000F9D
:106AF00001D101200290029890B1002508E057F8DA
:106B0000250020B157F825007D49096888476D1C8C
:106B10004D45F4DB38467A4909688847002047E745
:106B20005B208BF800000BF1010400202070002591
:106B300021E057F8250000F023FC019057F82510BC
:106B40002046019A00F0D0FB01980444A9F101000D
:106B5000A8420AD02C2004F8010BBAF1000F02D091
:106B6000202004F8010B0020207057F8250064490C
:106B7000096888476D1C4D45DBDB3846604909686C
:106B800088475D2004F8010B002004F8010B5846EB
:106B90000EE72DE9F04104460F4690461D460026BB
:106BA00014B90020BDE8F081002D49D0207B0728D2
:106BB00045D2DFE800F0101C04282E343C000521EB
:106BC0002846FEF7BCFF064626B1AFF204713046F8
:106BD00000F0F1FB33E006212846FEF7B0FF064641
:106BE00026B1AFF21471304600F0E5FB27E0052135
:106BF0002846FEF7A4FF064626B1AFF224713046C0
:106C000000F0D9FB1BE029462046FEF7DCFF0646D4
:106C100015E029462046FFF7FFFA06460FE02B460F
:106C2000424639462046FFF793FE064607E02B46CC
:106C3000424639462046FFF77DFC064600BF37E056
:106C4000207B072833D2DFE800F00A1004161C224C
:106C50002A00AFF28C70FEF72AFE064627E0AFF25C
:106C60009070FEF724FE064621E0AFF29470FEF726
:106C70001EFE06461BE000212046FEF7A4FF064646
:106C800015E000212046FFF7C7FA06460FE0002373
:106C9000424639462046FFF75BFE064607E00023E2
:106CA000424639462046FFF745FC064600BF00BF76
:106CB000304677E710B504460023012219462046E6
:106CC000FFF767FF10BD10B5044600231A461946AA
:106CD0002046FFF75EFF10BDFEB505460C46164682
:106CE00020460849096888470090019400200290D6
:106CF0006B46324600212846FFF74BFFFEBD0000E1
:106D00006C000020680000205B5D000001468A687E
:106D1000002001E0401C1268002AFBD170470246A7
:106D2000906801E0491E006808B10029FADC70474C
:106D300070B505460E46AC6800E024682CB13146BB
:106D4000206AFEF78EFD0028F7D1204670BD016055
:106D50004860704770B50546FEF7D5FD04460CB98E
:106D6000002070BD28222946204600F0BDFA0020F0
:106D70002062E06840F48070E06000206060206085
:106D80002046EEE770B505460E46AC6806B970BD04
:106D90000CB9AE6009E000E0246814B12068002856
:106DA000FAD131462046FFF7D2FF00BFEFE770B5BA
:106DB00006460D46144604B970BD206A18B1FE4956
:106DC000206A096888472846FEF771FD206221463F
:106DD0003046FFF7D7FF00BFEEE770B506460D4619
:106DE000144604B970BDA08900F4007028B9206A67
:106DF00018B1F149206A096888472562E06840F4C3
:106E00000070E06021463046FFF7BCFF00BFE9E7B5
:106E100070B505460C462046FFF79CFF06463146F6
:106E20002846FFF7AFFF70BD2DE9F04105460E463D
:106E300014462046FFF78EFF07463A46314628465D
:106E4000FFF7B5FFBDE8F08110B502460B4691682B
:106E500001E009685B1E09B1002BFADC09B90020CA
:106E600010BD486810B1D1E900042060086810B175
:106E7000D1E9004060609068884201D10868906064
:106E80000020086048600846EAE770B504460D46F1
:106E900029462046FFF7D8FF0646FEF741FD70BDA4
:106EA0002DE9F04105460F460026AC6801E0761C4E
:106EB00024682CB13946206AFEF7D3FC0028F6D1AD
:106EC0002CB131462846FFF7BFFFBDE8F081002016
:106ED000FBE770B504460D4629462046FFF7E0FF64
:106EE0000646FEF71DFD70BD2DE9F04106460F4632
:106EF0001446B56801E02D687F1E0DB1002FFADC45
:106F00002DB921463046FFF73DFFBDE8F0812560F1
:106F1000686860606C60B068A84201D1B46001E04C
:106F20006068046000BFF0E72DE9F04106460F46B7
:106F30001446B56801E02D687F1E0DB1002FFADC04
:106F40000DB9BDE8F081286820606868606020683D
:106F500008B120684460B068A84201D1B46001E083
:106F6000606804600020686028602846FEF7D8FC4E
:106F700000BFE6E72DE9F04105460E4617464FF003
:106F80000008AC6802E008F1010824682CB1314621
:106F9000206AFEF766FC0028F5D144B13046FEF7C2
:106FA00086FC38623A4641462846FFF7BDFFBDE8F9
:106FB000F08110B5FEF7A7FC04460CB10220E0609A
:106FC000204610BD10B5FEF79EFC04460CB1012012
:106FD000E060204610BD10B5FEF795FC04460CB1EC
:106FE0000020E060204610BD70B50546FEF78BFC22
:106FF000044624B10DB1012000E00020E0602046ED
:1070000070BD70B505460E46FEF77DFC044644B1E2
:107010000320E060C4E906562846314600F040FCF3
:107020006061204670BD70B50546FEF76CFC0446F5
:107030002CB10420E0602846FEF739FC2061204690
:1070400070BD10B5FEF75FFC04460CB10520E06092
:10705000204610BD10B5FEF756FC04460CB10620C4
:10706000E060204610BD2DE9F05F81468A4600258C
:10707000AB46FFF7E6FF0646002410E059F824006F
:1070800000F0FDFB0746FFF7BCFF05460CB9B560F5
:1070900003E029465846FFF75AFEAB46641C0EB182
:1070A0005445EBDB3046BDE8F09F2DE9F05F8146AB
:1070B0008A460025AB46FFF7C4FF0646002410E0D1
:1070C00059F8240000F00BFC0746FFF79AFF05462D
:1070D0000CB9B56003E029465846FFF738FEAB46C9
:1070E000641C0EB15445EBDB3046BDE8F09F2DE942
:1070F000F047074688460025A946FFF7A2FF064647
:10710000002410E007EBC400D0E900211046FFF78F
:1071100078FF05460CB9B56003E029464846FFF7FD
:1071200016FEA946641C0EB14445EBDB3046BDE8B3
:10713000F0872DE9F047074688460025A946FFF766
:1071400080FF064600240DE057F82400FFF76BFF90
:1071500005460CB9B56003E029464846FFF7F7FD40
:10716000A946641C0EB14445EEDB3046BDE8F0870D
:107170002DE9F047054689464FF0000815B9002073
:10718000BDE8F087FEF7BFFB04460CB90020F7E727
:10719000E86820F48070E06068696061D5E9060104
:1071A000C4E90601286968B12869FEF780FB2061FF
:1071B000206938B9204601E06C000020FEF7B0FBE2
:1071C0000020DDE7286A50B1286AFEF770FB2062D4
:1071D000206A20B92046FEF7A3FB0020D0E7B9F1D2
:1071E000000F01D12046CBE7AF6816E001213846F9
:1071F000FFF7BEFF064626B92046FEF791FB0020AA
:10720000BEE7B8F1000F05D0C8F80060C6F80480EA
:10721000B04601E0A660B0463F68002FE6D12046A8
:10722000AEE7014655E00278202A01D1401C50E02B
:107230000278092A01D1401C4BE002780D2A01D1C5
:10724000401C46E002780A2A01D1401C41E0027845
:107250002F2A0BD142782F2A08D100E0401C027857
:10726000002A36D002780A2A33D0F7E702782F2A8C
:107270000ED142782A2A0BD100E0401C02782AB1B4
:1072800002782A2AF9D142782F2AF6D1801C20E0F0
:107290000278222A19D110F8012B01F8012B0AE0FB
:1072A00002785C2A03D110F8012B01F8012B10F8A9
:1072B000012B01F8012B027812B10278222AEFD1BA
:1072C00010F8012B01F8012B03E010F8012B01F855
:1072D000012B0278002AA6D10A707047A0F1410163
:1072E000192900D82030704740EA01039B0703D0DA
:1072F00009E008C9121F08C0042AFAD203E011F8F5
:10730000013B00F8013B521EF9D27047D2B201E0B6
:1073100000F8012B491EFBD270470022F6E710B59A
:1073200013460A4604461946FFF7F0FF204610BDF3
:10733000421E12F8013F002BFBD111F8013B02F86D
:10734000013B002BF9D1704730B505462A460B4664
:1073500012F8010B13F8014B08B1A042F8D01CB190
:10736000002802D06D1CF1E7284630BDCAB2401E8D
:1073700010F8011F8A4202D00029F9D1002070477D
:10738000421C10F8011B0029FBD1801A704710B570
:10739000044600E0401C0378002BFBD100E0401CB9
:1073A000521E04D311F8013B0370002BF7D10021CA
:1073B0000170204610BD034611F8012B00F8012B87
:1073C000002AF9D11846704730B50546002003461B
:1073D00000E05B1C934205D2EC5CC85C201A01D132
:1073E000002CF6D130BD00000FB400B58DB010A94F
:1073F00009900B9000914FF0FF300A9000200C9004
:1074000005480690054807906A4609A80F9900F0BC
:1074100035FB0DB05DF814FB997A0008B77A0008C7
:107420002DE9FF5F1D464FF0FF3BD5E90146914630
:107430005F464FF00008A9697F1C01988847296AB8
:10744000824688470028F6D1BAF1FF3F0CD024F4D9
:10745000C064002E19DD600614D5BAF12B0F09D0D7
:10746000BAF12D0F0ED103E0584604B0BDE8F09FED
:1074700044F48064A9697F1C01988847761E82467F
:10748000002E02DDBAF1300F03D0B9F1000F26D083
:1074900032E0A969761E44F400747F1C0198884785
:1074A0008246002E05DDBAF1780F06D0BAF1580FEA
:1074B00003D0B9F1000F10D01EE0B9F1000F02D0D7
:1074C000B9F1100F18D1A969761E24F400747F1C3D
:1074D000019888478246102002E0082000E00A2038
:1074E000814609E008FB0908A969761E44F4007486
:1074F0007F1C019888478246002E05DD494650468C
:1075000000F0A8FA0028EDDAE96901988847A0059B
:1075100002D46FF00100A8E7E00725D1600613D57B
:10752000600502D5C8F1000000E0404629680A1D48
:107530002A600968220501D5087015E0220701D5E7
:10754000088011E008600FE02868011D29600068CC
:10755000210502D580F8008006E0210702D5A0F8B9
:10756000008001E0C0F8008038467EE72DE9FF5F2B
:10757000D2E901A74FF00008916999461446DDF859
:1075800038B0464601988847054659EA0B0005D0B1
:1075900009E0A169761C019888470546216A2846BA
:1075A00088470028F5D1681C03D05FEACA7005D06F
:1075B00015E04FF0FF3004B0BDE8F09F2068011DDA
:1075C0002160D0F800800AE05FEACA7001D108F8B3
:1075D000015BA169761C7F1E019888470546002F34
:1075E0001ADD681C18D0B9F1000F0DD0E81705EBB3
:1075F000D060421120F01F0059F822102A1A0120F1
:1076000090400142E0D107E0BBF1000FDCD1216ADC
:10761000284688470028D7D0E16901988847BBF100
:10762000000F07D1002E05DD5FEACA7002D10021EC
:1076300088F80010A068B84203DDBBF1000F03D04A
:1076400017B16FF00100B6E73046B4E72DE9FE4F01
:10765000804681EA0300C00F0C46009021F00041F3
:1076600023F00045B8EB0200A94105D2404621466F
:1076700090461C460B46024623F00040104347D07C
:10768000270DC7F30A00C3F30A510290401A019074
:1076900040286BDAC3F3130040F4801B0098924635
:1076A00020B10023D2EB030A63EB0B0B0198594680
:1076B000C0F14002504600F09CF906460D46504687
:1076C0005946019A00F0B4F910EB0800614100241A
:1076D00087EA115284EAE7731A4340D0009A62B3F2
:1076E000019A012A4FEA075215DC001B61EB0201E7
:1076F0004FF0004202EA0752CDE90042001C41F57A
:10770000801132462B4600F0F6F903B0BDE8F08F49
:1077100040462146F9E7001B61EB0201001C41F5E0
:10772000801300185B412018A2F5001747EB0301F6
:1077300040EAD570B6196D4111E06D084FEA360682
:1077400045EAC0754FEA0752001B61EB0201001CBD
:1077500041F5801149084FEA300000195141324685
:107760002B4603B0BDE8F04F00F0B6B900980122F7
:1077700040000023D0EB020263EBE0730098214647
:107780004FEAE074B8EB000061EB0401E9E783F035
:1077900000435BE781F0004158E72DE9FE4F81EAA5
:1077A000030404F0004421F0004100944FF0000B6A
:1077B00023F0004350EA01045ED052EA03045BD098
:1077C000C3F30A54C1F30A552C44A4F2F3340194D0
:1077D000A0FB0254C1F3130141F48011C3F313035E
:1077E00043F4801301FB024400FB034E840A970A12
:1077F00044EA815447EA8357A4FB076802958D0A3F
:1078000005FB07854FEA932C04FB0C542705029DCA
:107810004FEA065847EA1637B5EB08056EEB070C3A
:10782000870E920E47EA811742EA8312A7FB0201F4
:10783000B6EB0B0164EB00042B0D43EA0C335E182E
:1078400044EB1C50DA465146E7FB0201C5F3130432
:107850004FEA0B3343EA14534FEA0432019C43EAE4
:107860000603A4F10C040294009CCDE900B400F0DE
:1078700042F903B0BDE8F08F00200146F9E70EB5EC
:10788000C10F80EAE0700844CA07002140F2334388
:107890008DE80E000A460B4600F02DF903B000BD3E
:1078A00070B5C1F30A5201F000450024C1F3130181
:1078B00040F2FF3341F480119A4201DA002070BD9A
:1078C00040F233439A42A2F2334203DC524200F0C8
:1078D0009FF800E090402C43F1D0404270BD00F092
:1078E000004230F000400AD0C10D01F56071C0F3D4
:1078F000160042EA0151C2084007114370470020B8
:107900000146704730B5041E71F1000404DB4FF0EE
:107910000044404264EB0101141E73F1000405DBD6
:107920001C464FF00043524263EB04038B4208BFF6
:10793000824230BD30B5041E71F1000404DB4FF00B
:107940000044404264EB0101141E73F1000405DBA6
:107950001C464FF00043524263EB0403994208BFB8
:10796000904230BD30B50B46014600202022012454
:1079700009E021FA02F59D4205D303FA02F5491BFD
:1079800004FA02F52844151EA2F10102F1DC30BD13
:107990002DE9F05F0546002092469B468846064644
:1079A000814640241BE0284641464746224600F0D7
:1079B0002FF853465A46C01A914110D31146184623
:1079C000224600F016F82D1A67EB01084F462246B2
:1079D0000120002100F00DF817EB00094E41201E98
:1079E000A4F10104DFDC484631462A464346BDE89F
:1079F000F09F202A04DB203A00FA02F100207047B1
:107A00009140C2F1200320FA03F3194390407047DC
:107A1000202A04DB203A21FA02F00021704721FAE3
:107A200002F3D040C2F1200291400843194670474A
:107A3000202A06DBCB17203A41FA02F043EAE07332
:107A400006E041FA02F3D040C2F12002914008431F
:107A5000194670473A2800D2303820F02002412AD7
:107A600001D3A2F13700884201D34FF0FF307047B5
:107A7000026811441378016018467047D1600449C8
:107A800051610449116200211161114600F038B9B9
:107A9000717A0008F57C0008426842B1016811F86B
:107AA000013B23B1521EC0E9001218467047012164
:107AB000C160881E704742685AB1C368016843B903
:107AC00083688B4205D0491E521CC0E90012002079
:107AD00070474FF0FF30704710B5141E73F100046B
:107AE00008DA401C41F1000192185B411A4301D1B0
:107AF00020F0010010BD2DE9F04D92469B4611B1DA
:107B0000B1FA81F202E0B0FA80F220329046FFF73B
:107B100070FF04460F4640EA0A0041EA0B01534653
:107B20005A46084313D0114653EA010019D0C8F150
:107B300040025046FFF76CFF05460E465046594638
:107B40004246FFF756FF084305D0012004E02046D7
:107B50003946BDE8F08D0020054346EAE0762C4327
:107B600037430A986305E40AA0EB08000022FD0AE7
:107B700044EA47540A3002D500200146E9E70105EE
:107B800010196941DDE9084500196941BDE8F04D6A
:107B9000A2E72DE9F04D81EA030404F0004B21F047
:107BA000004514464FF0000A23F0004150EA050258
:107BB00020D054EA01021DD0C5F30A570246C5F38E
:107BC0001303C1F31300C1F30A5640F4801543F4C4
:107BD0008013A7EB0608101BD64608F2FD3873EB9E
:107BE000050002D308F1010801E092185B41B8F1E9
:107BF000000F03DA00200146BDE8F08D00204FF4AD
:107C00008011064684460EE0171B73EB050705D36B
:107C1000121B63EB050306434CEA010C49084FEACB
:107C2000300092185B4150EA0107EDD152EA03009F
:107C300012D082EA040083EA0501084305D0101B34
:107C4000AB4106D20122002306E000224FF00043A0
:107C500002E06FF0010253101AEB06004CEB0851E2
:107C600010EB0A0041EB0B01BDE8F04DFFF734BF0C
:107C700070B521F0004303430CD0C1F30A55002432
:107C8000D5EB040564EB0403D617AD1AB34102DB50
:107C90000020014670BD201841EB025170BDC1F3B8
:107CA0000A52C1F3130140F2FF3341F480119A42AA
:107CB00002DA00200146704740F233439A42A2F2B2
:107CC000334202DC5242FFF7A3BEFFF792BE000030
:107CD000064C074D06E0E06840F0010394E8070019
:107CE00098471034AC42F6D3F8F704FAFCA0000829
:107CF0001CA10008C0B24FF4F05100F0EBB9000035
:107D00002DE9F34F8BB04FF0000801F10C000C4649
:107D10004FF0010B46460DF1080A019062690121FE
:107D200001989047051E2DD0252D2CD0216A88471B
:107D3000C0B16269012101989047216A88470028F3
:107D4000F7D1411E62690198904700E0761CA16955
:107D50000B988847216A88470028F7D1E1690B987A
:107D60008847DBE7A1690B9888470746A84201D1FD
:107D7000761CD3E7E1690B9888477F1C02D1B8F1E4
:107D8000000F6FD047E1002762693D4639460198F0
:107D900090472A2804D16269012101989047012562
:107DA000DFF888926269012101989047A0F13001C3
:107DB0000A290AD24F45E5DC07EB870100EB4107B2
:107DC000303FDFD445F01005ECE7E90601D46FF051
:107DD00000476C280AD04C2814D0682815D06A288F
:107DE0000DD074281CD07A281AD01DE062690121B8
:107DF000019890476C2802D045F0040514E045F046
:107E000002050DE045F020050AE0626901210198B4
:107E10009047682802D045F0080505E045F4006564
:107E20006269012101989047C4E9015765283DD056
:107E300019DC58287AD00CDC452837D004DC2528FA
:107E400026D0412831D131E046282FD047282CD1E7
:107E50002CE05B2877D0612828D063287CD0642868
:107E600023D15AE0D1E06F2848D008DC66281DD025
:107E700067281BD0692821D06E2816D127E07028EA
:107E800045D0732868D0752847D078280DD14DE0AB
:107E9000A1690B988847054625283FF469AFE16939
:107EA0000B9888476D1C3FF46AAFB4E023466A46DE
:107EB0006FF001000B99AFF300809FE045F04000A8
:107EC0006060A80723464FF0000236D43EE0E80782
:107ED0007FF447AF2068011D21600068290501D5A6
:107EE00006701BE7290701D5068017E7A90703D508
:107EF000F117C0E9006111E706600FE745F04000A7
:107F00006060A80723464FF0080216D41EE040F632
:107F10000E0125EA0100606016E045F04000606057
:107F2000A80723464FF00A0207D40FE045F04000AF
:107F30006060A80708D5234610226FF001000B9956
:107F4000AFF300805AE007E0234610226FF00100F3
:107F50000B99FFF765FA51E04FF000094F464B4689
:107F6000632802D05B2807D041E02079C00601D405
:107F70000120A06001273AE0626901210198904741
:107F80005E2805D14FF00109626949460198904782
:107F9000216939B900210A46534643F82120491C7A
:107FA0000829FADBB0B3216969B9C11700EBD162C6
:107FB00053110AEB830122F01F02821A01200B6881
:107FC000904003430B6062690121019890475D284E
:107FD000E8D1B9F1000F09D00020514651F8202016
:107FE000D24341F82020401C0828F7DB02AB224690
:107FF00000976FF001000B99FFF7B8FA00280CDA30
:10800000401C08D1BBF1000F05D04FF0FF300DB080
:10801000BDE8F08FFFE74046F9E7E90701D108F135
:10802000010806444FF0000B78E60000CCCCCC0CE5
:108030002DE9F04D00231A461B1A8A4103DB00206C
:108040000146BDE8F08DC1F30A52C1F3130141F4BA
:1080500080154FF0000BD10702D100186D41521E60
:108060000027044640F2FF11384601EB620A3E4603
:108070008046024600204FF48011FFF7C9FCC21968
:108080007141BB1846EB0100B4EB030C75EB000C1F
:1080900004D3E41A65EB000517460E46241908F1CF
:1080A00001006D4180463428E3DDF91946EB0600F6
:1080B000091BA84103D24FF0FF32134601E0002212
:1080C00013461BEB070046EB0A51BDE8F04DFFF7E6
:1080D00003BD00007F2801D9002208E0064A02EB18
:1080E0005002C007127800D1120902F00F020120DD
:1080F0009040084070470000B09E00080FB47CB567
:108100000C0009AD01D0611E00E00021CDE90001A5
:10811000064B6A462946089800F09AF9002C02D0CE
:10812000009A002111707CBC5DF814FB578B00088D
:108130000FB4084B10B504A902AA039800F088F9FF
:10814000044602A9002000F011FD204610BC5DF895
:1081500014FB00006D8B00087CB50C001D46164614
:10816000014601D0601E00E00020CDE90010064B62
:108170006A462946304600F06BF9002C02D0009A7E
:10818000002111707CBD0000578B0008490050EAA7
:10819000C12018BF04204A0D18BF40F0010040F272
:1081A000FF72B2EB515F08BF40F00200012808BF28
:1081B000052070472DE9F0414F1E00EBC701044632
:1081C000D1E9000115461E4637F006020DD02A46B9
:1081D0003346FFF7E2FA7F1E04EBC703D3E900231F
:1081E000FFF734FA37F00602F1D1022F25D0042F21
:1081F00013D0062F18BFBDE8F0812A463346FFF79B
:10820000CCFAD4E90A23FFF721FA2A463346FFF7CE
:10821000C4FAD4E90823FFF719FA2A463346FFF7D0
:10822000BCFAD4E90623FFF711FA2A463346FFF7D2
:10823000B4FAD4E90423FFF709FA2A463346FFF7D4
:10824000ACFAD4E90223FFF701FA2A463346FFF7D6
:10825000A4FAD4E90023BDE8F041FFF7F7B9000024
:108260000022134610460149FFF793BC0000F03F7F
:10827000FFF7ECB90022134610461146FFF789BC00
:1082800040F2013200204FF0E041FFF7F1BC000066
:10829000024A00201107FFF7EBBC000001FDFFFFC1
:1082A00002E008C8121F08C1002AFAD170477047BF
:1082B000002001E001C1121F002AFBD1704700001D
:1082C0000149086070470000780000202DE9FF5F39
:1082D00082B00021DDE90430020DDDF840B0034337
:1082E00018D044F61050A2F2FF32424315141198F0
:1082F00001281FD0A5EB0B00401C5FEA000A4FF0DD
:1083000000064E4FDFF83891B046504615D5CAF1F9
:10831000000413E0119801244AA3012801D16FEA57
:108320000B010298119AC0E90031C0E9024206B07F
:10833000BDE8F09FCBF10000DFE704460021404A92
:10834000491842EB0450CDE9001012E0E00707D0D5
:1083500032463B4640464946FFF71FFA804689466B
:1083600032463B4610461946FFF717FA06460F46B7
:108370006410002CEAD1DDE90401DDE90023BAF143
:10838000000F06DAFFF709FA42464B46FFF705FAF7
:1083900005E0FFF7FEFB42464B46FFF7FAFB0446BB
:1083A0000E460022284BFFF7C5FA03D84FF0FF30E6
:1083B000014607E00022254B20463146FFF746F9EB
:1083C000FFF76DFC102409E0002C0ADB0A220023D1
:1083D000FFF7DEFA039B30321A55641E50EA0102A1
:1083E000F2D1641C039AC4F111031444119A012AB6
:1083F00003D0012208430DD10AE0084304D0002035
:108400004FF0110B119072E7A3EB0B056D1E0DE001
:108410005B4504DD4FF0000205F1010504E003DADD
:108420004FF00002A5F10105002AECD00298119945
:10843000C0E90231C0E9004579E7000000001440BE
:108440000000F03F300000000000F0430000E03F7B
:108450002DE9FF4F95B09A46884606460025EEE185
:10846000252877D100242746F94A0121039400E00A
:10847000044316F8013F203B01FA03F01042F7D104
:1084800030782A2811D06FF02F033078A0F1300215
:10849000092A16D8039A44F0020402EB820203EB85
:1084A00042021044761C0390EFE758F8042B039225
:1084B000002A03DA504244F40054039044F00204CA
:1084C000761C30782E2816D116F8010F44F00404DB
:1084D0002A280DD06FF02F023078A0F13003092B3D
:1084E00009D807EB870302EB4303C718761CF3E7B1
:1084F00058F8047B761C30786C280FD006DC4C28AA
:1085000017D068280DD06A2814D104E0742810D040
:108510007A280FD10DE044F400140AE044F48014EA
:1085200001E044F440147278824202D104F58014D0
:10853000761C761C307866280BD013DC582877D050
:1085400009DC002875D04528F6D04628F4D0472805
:108550001AD193E118E0632835D0642879D06528D2
:1085600012D18BE1702873D008DC6728F1D069281C
:108570006FD06E280DD06F2806D1ACE073282CD0B8
:10858000752874D0782853D05246179990476D1C9F
:1085900054E1C4F30250022809D003280DD0D8F8C2
:1085A000001004280DD00D6008F1040846E1D8F849
:1085B0000010EA17C1E90052F6E7D8F800100D8064
:1085C000F2E70D70F0E718F8041B8DF8001000209A
:1085D0008DF80100EB46012003E058F804BB4FF092
:1085E000FF3061074FF0000102D40DE009F10101F5
:1085F0008946B9420FDA8145F8DB1BF809100029DA
:10860000F4D108E009F1010189468142FADB1BF847
:1086100009100029F6D103985346A0EB090721461B
:108620003846179A00F080FA284400EB090507E065
:1086300044E008E10DE01BF8010B52461799904702
:10864000B9F10109F7D2534621463846179AF2E0AC
:1086500039E00A21C4F302524FF0000B0091022AC4
:1086600006D058F8040BC117032A09D00AE023E00A
:1086700008F1070020F00702F2E80201904605E049
:1086800000B2C117042A01D140B2C117002906DA8D
:108690000A460021404261EB02012D2202E0220540
:1086A00004D52B228DF80420012203E0E20701D03B
:1086B0002022F7E7914657E00A2100E010214FF011
:1086C000000B00910BE010214FF0000B44F004046C
:1086D0000827009103E008204FF0000B0090C4F33E
:1086E0000252022A05D058F8040B0021032A08D0B0
:1086F00008E008F1070020F00702F2E802019046C6
:1087000003E080B2042A00D1C0B24FF00009220772
:108710002AD53278702A07D0DDF800C08CF0100C12
:108720005CEA0B0C05D00EE040228DF804200122FB
:1087300008E050EA010306D030238DF804308DF8AC
:10874000052002229146009B83F0080353EA0B03A5
:108750000AD150EA010201D1620705D530228DF815
:1087600004204FF001097F1E3278582A04D039A224
:108770000C920CAA02920BE03BA2F9E75B46009A2E
:10878000FFF706F90C9B9B5C029A521E0292137033
:1087900050EA0102F2D1029804A9081A00F1200B54
:1087A000600702D524F4803400E001275F4502DD34
:1087B000A7EB0B0000E0002000EB0B0100900398FA
:1087C0004944401A0390E00306D453462146179AC1
:1087D000039800F0A9F90544002706E001A85246D5
:1087E000C05D179990476D1C7F1C4F45F6DBE00379
:1087F0000CD553462146179A039800F095F9054485
:1088000004E030205246179990476D1C0099481E8D
:1088100000900029F5DC08E00298029952460078A1
:10882000491C0291179990476D1CBBF10001ABF1F7
:10883000010BF1DC5BE100F065F90544761C307852
:1088400000287FF40DAE19B02846BDE8F08F000077
:108850000928010030313233343536373839616216
:1088600063646566000000003031323334353637DA
:10887000383941424344454600000000600700D4B7
:10888000062708F1070020F00700F0E802238046E1
:1088900003F0004C5FEA0C0001D097A009E020052E
:1088A00001D596A005E0E00701D095A001E0AFF268
:1088B0004C001390307823F0004365280CD006DC80
:1088C000452809D046281DD047287FD13BE066289F
:1088D00018D067287AD136E00021112F01DB112052
:1088E00000E0781CCDE9000104A90CA8FFF7EEFC1C
:1088F000DDE90D010C9A4FF0000B07F10109109210
:1089000000914EE04FF000400097CDE9011004A91E
:108910000CA8FFF7DBFCDDE90D020C9B0F994FF073
:10892000000B91461093009211B9791C00EB0109DC
:10893000B7EB090003D4C0F1FF3B07F10109A9EB34
:108940000700019042E0012F00DA01270021112FDA
:1089500001DD112000E03846CDE9000104A90CA892
:10896000FFF7B4FCDDE90D010C9A00914FF0000B0C
:10897000B946109221070FD4009A4A4503DA91466E
:1089800001E0A9F10109B9F1010F05DD109AA9F182
:108990000101515C3029F4D0B84202DA10F1040F21
:1089A00003DA0121CDE9011010E0002803DC834443
:1089B000A9EB000102E0411C494500DD8946A0EB1E
:1089C0000B00401C01904FF000400290200705D49E
:1089D0000198484502DB4FF0FF30019000208DF8F0
:1089E0004B0002980DF14B07B0F1004F25D002204B
:1089F0000C902B200D90029800280CDA4042029037
:108A00002D200D9007E00A210298FEF7ABFF3031D0
:108A1000029007F8011D0C99481E0C900029F2DC09
:108A200002980028EFD1791E0D980870307800F078
:108A3000200040F0450007F8020D11A8C01BC01D22
:108A400002901398007800B1012000EB0901019811
:108A500001EBE071029801440398401A401E039014
:108A6000E00306D453462146179A039800F05CF8B9
:108A700005441398007818B15246179990476D1C19
:108A8000E00323D553462146179A039800F04CF88B
:108A900005441BE0BBF1000F07DB0098584504DDDF
:108AA0001098179910F80B0001E0179930205246E2
:108AB000904701980BF1010B401E05F10105019053
:108AC00004D12E205246179990476D1CB9F1000130
:108AD000A9F10109DEDC05E017F8010B52461799F0
:108AE00090476D1C0299481E02900029F4DC534601
:108AF0002146179A03989EE62D0000002B000000E7
:108B0000200000002DE9F041044600251E461746CE
:108B1000880404D405E039462020B0476D1C641E4B
:108B2000F9D52846BDE8F0812DE9F041044600253D
:108B30001E469046C80301D5302700E02027880450
:108B400004D505E041463846B0476D1C641EF9D592
:108B50002846BDE8F0814A68002A06D00A68531CFE
:108B60000B6010704868401E486070470A68531CCC
:108B70000B601070704700002DE9F041C1F30A52FC
:108B8000A2F2FF362F4A304B0D460446142E2FDA40
:108B9000002E12DAFEF75AFD00221346FEF7CAFE37
:108BA0004CD2002DA4BF0024254647DA25F0004012
:108BB000204318BF254D41D018E0DFF894C02CFAAF
:108BC00006F705EA070C5CEA040C08BFBDE8F08173
:108BD000FEF73CFD00221346FEF7ACFE2ED2002D20
:108BE00003DA4FF48010F0400544BD43002425E033
:108BF000332EC8BFBDE8F081A6F1140C4FF0FF374B
:108C000027FA0CF73C4208BFBDE8F081FEF7C2FD31
:108C100000221346FEF78EFE10D2002D0DDA142E20
:108C200008BF6D1C09D0C6F13400012101FA00F023
:108C30002044A04238BF6D1C0446BC432946204650
:108C4000BDE8F0819C7500883CE4377E0000F0BFF1
:108C5000FFFF0F0010B5002821D0114B0022001F8C
:108C6000196803E0814203D80A4649680029F9D10E
:108C700052B11368841A9C4204D1006818441060F1
:108C8000104602E0506000E0186039B102680B1A2B
:108C9000934203D10B681A4402604968416010BDD9
:108CA00070000020F0B50B30154D20F007010024B6
:108CB000144A0FE003688B420BD38B4205D95E1A2E
:108CC00043184768C3E9006700E04368136002C0C7
:108CD00004E0021D10680028ECD12046002802D1D3
:108CE000286808B10020F0BD064A07481060074A0E
:108CF000121A22F00702C0E9002401202860D7E7F9
:108D00007400002070000020C4060020C00800206D
:108D10002DE9F04D1D460C4698B0174621F0004154
:108D200023F00043002814BF4FF0010C4FF0000C5B
:108D30000CEB440CFE4A0CEB02064FEA620C664553
:108D40002BD33E0018BF012606EB45061644F94A10
:108D5000964222D3F84A53EA070C02D0944205D136
:108D600048B918B000201146BDE8F08D002808BFB2
:108D70004FF0000C01D04FF0010C0CEB440212F547
:108D8000001F0AD8002F14BF4FF0010C4FF0000C49
:108D90000CEB450212F5001F07D918B03A462B46D6
:108DA0002146BDE8F04DFFF763BA0022DFF88CA33F
:108DB000002CB8BF534526DADFF884C36345A8BF4B
:108DC000022220DADFF870C39C451CDCDFF874C394
:108DD0000CEB235CBCF1140F08DDCCF1340627FA50
:108DE00006FC0CFA06F6BE420DD108E05FB9CCF1E4
:108DF000140623FA06FC0CFA06F69E4203D10CF088
:108E00000102C2F1020251EA000C19D1002D17DA59
:108E1000002C18BF022A01D0012A07D00220FFF738
:108E20004FFA18B0BDE8F04DFFF71ABA0220FFF76D
:108E300047FAFFF715FA18B081F00041BDE8F08D50
:108E4000B7F1000C6CD1534525D104F1804212F5E5
:108E5000801201BF00280020B74918B008BFBDE844
:108E6000F08DB548884207DC002DA1BF6046294639
:108E700018B0BDE8F08D07E0281E05DA80F000414B
:108E800018B06046BDE8F08DAF497944D1E90001E2
:108E900018B0BDE8F08DDFF8A0C2634525D1002DE4
:108EA0001FDA19B1514512D1D8B909E0002840F0B4
:108EB000EC82A24A214618B062F31E01BDE8F08D93
:108EC0000020214618B060F31E01BDE8F08D08DADD
:108ED00018B02346BDE8F04D024600206146FEF77B
:108EE00058BE18B02146BDE8F08D514518DAB5F1ED
:108EF000804F0DD0A5F1005CBCF1FF5C10D1B4F146
:108F0000000C0DDB18B06146BDE8F04D00F0ECBB85
:108F1000234618B00246BDE8F04D1946FEF73DBCA9
:108F2000060024F0004C3BD1D9B1514533D1002C7F
:108F300006DD002DA1BF0020514618B0BDE8F08D20
:108F4000002C01DD002D1BDB002C13DA002D11DBC2
:108F5000012A4FF0000014BF78497C4918B0BDE8E1
:108F6000F08D022A18BF002C0AD0012A08D1002C4B
:108F700006DA0AE0002CB8BF002D11DA012A04D06D
:108F8000002018B00146BDE8F08D18B000204FF069
:108F90000041BDE8F08DA1F14050B0F17F601AD0E2
:108FA000012000EBE47050EA020421D0624C521E12
:108FB0004FF0000B104304BF4FF0000B644C6548AA
:108FC00083427CDD644A654893421FDD884217DB9B
:108FD000002D25DB37E0002C00DA4AB1022A0CBF55
:108FE00001204FF0FF3018B0BDE8F04DFEF747BC50
:108FF0000120FFF765F918B0BDE8F04DFFF73AB969
:109000004D4A8A4202DC002D0ADC1CE0814202DA71
:10901000002D18DA04E0484B994220DD002D12DDC6
:109020000220FFF74DF9FFF72BF905460E46002207
:10903000534658462146FEF7B0FB18B066F31E01B2
:109040002846BDE8F08D0220FFF73AF9FFF720F936
:109050000A46214618B062F31E01BDE8F08D0022D9
:1090600030466146FEF793FB80460E466FF00102E4
:10907000FEF7FEFD4FF05532394BFEF78BFB4246B3
:109080003346FEF78AFB0022364BFEF783FB82460F
:1090900042463346049110461946FEF77EFB52467F
:1090A000049BFEF77AFB8A4600904FF0C0422E4B9D
:1090B00040463146FEF771FB2C4A2B4B00E027E07F
:1090C000CDE9060151460098FEF767FB8246019103
:1090D000274A284B40463146FEF75FFB5246019B2C
:1090E000FEF755FB82460B4602460591DDE9060177
:1090F000FEF7ACFADDE90623002688463046FEF787
:1091000046FB5246059BFEF745FB024600F07EB942
:109110000020B1F5801F07DA352230466146FEF7A0
:10912000A7FD06466FF0340000EB215024E000005C
:10913000FFFF1F00FFFF0F000000F03F0000F07F67
:109140000000404301FCFFFF1A1000000000F0FF88
:109150000000F0BF0000E0410000F043FFFFEF3FE0
:109160005555D53F0000E03F4715F73FFE822B6580
:1091700044DF5DF80BAE543EA0F2FF300190C1F326
:10918000130040F07F6141F040510291FE49884256
:10919000D8BF002004DDFD498142C8BF012001DDA8
:1091A0000D9008E000200D900198401C019002985D
:1091B000A0F5801002900299F54878440B910D9922
:1091C00000EBC100D0E900230F9330460A920B99BF
:1091D000FEF7DDFACDE90601DDE90A2130460F9BF5
:1091E000FEF734FA02460B460020EA49FEF7D1FCAE
:1091F000059102460B460090DDE90601FEF7CDFA27
:109200001490E5488A464FF00008784402990068B7
:1092100012904FF0005040EA61010D980F9B01EB56
:10922000804000F5002109910A9A1298FEF7AFFAE2
:1092300032460B9BFEF7AEFA42465346FEF7ADFAB6
:109240000646029140465146099B129AFEF7A5FA3E
:10925000DDE90623FEF79EFA3246029BFEF797FAF7
:10926000059B009AFEF799FA0091149A04905346D0
:1092700010461946FEF791FA06460246C7480B46C5
:10928000029106217844FEF795FFCDE90510029B77
:10929000324610461946FEF780FADDE90532FEF740
:1092A0007CFA05910646534640461946149AFEF745
:1092B000CDF9009B049AFEF770FA3246059BFEF743
:1092C000C5F9CDE905104246534610461946FEF74A
:1092D00064FA0022B24B02910A90FEF7B7F9DDE979
:1092E0000532FEF7B3F90E464246AD4B4046FEF757
:1092F0004EFA029B0A9AFEF74AFADDE90532FEF7BA
:1093000049FA424602910A90334610465146FEF70A
:1093100044FACDE906015346149A02990A98FEF7D9
:109320003CFA8A4602903346424600990498FEF77A
:1093300034FA5346029AFEF789F982460B460246F2
:109340000591DDE90601FEF781F9DDE9062300203C
:1093500088460646FEF71BFA5246059BFEF71AFAA8
:10936000824609914FF060428E4B30464146FEF7EF
:1093700014FA049006918C4A8A4B50460999FEF7DC
:109380000CFA82460291894A894B30464146FEF7E3
:1093900004FA5246029BFEF759F9864B7B440D9A1C
:1093A00003EBC203D3E90023FEF750F90E900791B7
:1093B0000198FEF764FA0591DDE9061382460E9ADC
:1093C0000498FEF743F97C4A7A440D9B02EBC303F1
:1093D000D3E9002300930292FEF738F95246059B29
:1093E000FEF734F90026884652463046059BFEF7C4
:1093F000CEF9009B029AFEF7CAF9069B049AFEF783
:10940000C6F9079B0E9AFEF7C5F9024600200B46E7
:10941000029038462946FEF7C0F9824601912B4654
:1094200038461946029AFEF7B2F932464346FEF72D
:10943000B4F95246019BFEF709F907468A463246BF
:10944000434629460298FEF7A8F905460E463A46D5
:109450005346FEF7FBF8594A8846914221DBA8EBB8
:10946000020353EA000210D12A463346FEF78FF971
:10947000CDE90401524A534B38465146FEF7E6F80F
:10948000DDE90423FEF756FA21D20220FEF718FF89
:10949000FEF7F6FE0A46214618B062F31E01BDE84B
:1094A000F08D494B28F000429A4210D3474A08EB0E
:1094B000020353EA00027FF4C6AD2A463346FEF7A4
:1094C00066F93A465346FEF735FA7FF6BCAD002200
:1094D000019228F000403E493E4A01EB2051824271
:1094E00023DA481C4FF4801121FA00F040443A4A34
:1094F000C0F30A517A44394BA1F2FF31CB4020EA44
:109500000303C0F3130040F48010C1F11401C840FC
:1095100012680190B8F1000FBCBF4042019028468C
:109520003146FEF734F905460E462A46334638469C
:109530005146FEF78BF84FF000084246284B404654
:109540000591FEF72AF9CDE90601264A264B404649
:109550000599FEF722F9009102902A4633464046CB
:109560000599FEF714F93A465346FEF713F91F4AD8
:109570001F4BFEF712F9009B029AFEF767F80746A9
:10958000884602460B4635E08E9803007AB60B00FB
:10959000620C00000000F03F9A0C0000C80B0000B5
:1095A0000000084009C7EE3FFD033ADCF5015B14FB
:1095B000E02F3EBEA00A0000640A000000009040B8
:1095C000FE822B654715973C00CC904000346F3FDE
:1095D00001FCFFFF0000E03FB0090000FFFF0F00AB
:1095E000432EE63F396CA80C615C20BEEF39FAFED1
:1095F000422EE63FDDE90601FEF728F8DDE9062305
:1096000005460E46FEF7C3F83A464346FEF7C2F853
:109610000F462A463346009010461946FEF7BDF81D
:10962000824602462E4888460B4605217844FEF7BE
:10963000C1FD52464346FEF7B0F82A463346FEF7D0
:10964000A9F880468A463B4628463146009AFEF7EE
:10965000A4F83B46009AFDF7F9FF0691009000221E
:109660004FF0804340465146FEF791F80F460C906C
:109670004246534628463146FEF78FF83B460C9A41
:10968000FEF787FA069B009AFEF781F82A463346D2
:10969000FEF77DF80022134BFEF77CF80546019893
:1096A0000E4601EB00510815002810DC2846314613
:1096B000019AFEF7DDFAFEF769FD042808BFFEF700
:1096C000E7FD28463146019AFEF7D2FA05460B46D9
:1096D00018B02A4658462146BDE8F04DFEF75DB861
:1096E000500800000000F03F2DE9F04106460F460B
:1096F000FEF79EFC041E0D4618BF0120284320F0F3
:109700000040C0F17F6000F1E040C00F0ED0301C7F
:1097100018BF0120384320F00040C0F17F6000F105
:10972000E040C00F04BF0120FEF7CAFD20462946D5
:10973000BDE8F08100000000000000000000000013
:1097400000000000000000F80000000000000033EE
:109750003000000000100C06100C06000000000095
:109760000000000040C07840C0784000043F04047E
:109770003F040400007088FC08300000001820FF3F
:10978000211E0000F008F000E018000000211C037A
:109790001E211E0000F00888700000001E212324F6
:1097A0001927211010160E00000000000000000014
:1097B00000000000000000E01804020000000007A4
:1097C0001820400000020418E000000000402018AB
:1097D00007000000404080F0804040000202010F7E
:1097E00001020200000000F0000000000101011F62
:1097F00001010100000000000000000080B07000C6
:109800000000000000000000000000000001010155
:1098100001010101000000000000000000303000E4
:1098200000000000000000008060180400601806BE
:109830000100000000E010080810E000000F1020F8
:1098400020100F00001010F8000000000020203F42
:1098500020200000007008080888700000302824CC
:10986000222130000030088888483000001820206D
:1098700020110E000000C02010F800000007042492
:10988000243F240000F808888808080000192120D7
:1098900020110E0000E0108888180000000F112031
:1098A00020110E0000380808C83808000000003FEA
:1098B000000000000070880808887000001C222149
:1098C00021221C0000E010080810E00000003122F6
:1098D00022110F00000000C0C00000000000003096
:1098E00030000000000000800000000000008060E8
:1098F0000000000000008040201008000001020469
:10990000081020004040404040404000040404044F
:10991000040404000008102040800000002010080B
:1099200004020100007048080808F0000000003040
:1099300036010000C030C828E810E00007182724CE
:1099400023140B000000C038E0000000203C23027C
:109950000227382008F8888888700000203F2020DF
:1099600020110E00C0300808080838000718202011
:109970002010080008F808080810E000203F202008
:1099800020100F0008F88888E8081000203F2020E9
:109990002320180008F88888E8081000203F2000DD
:1099A00003000000C0300808083800000718202015
:1099B000221E020008F808000008F808203F2101D4
:1099C00001213F20000808F8080800000020203F7F
:1099D0002020000000000808F8080800C0808080EF
:1099E0007F00000008F888C028180800203F2001E8
:1099F0002638200008F8080000000000203F202042
:109A00002020300008F8F800F8F80800203F003F58
:109A1000003F200008F830C00008F808203F200070
:109A200007183F00E01008080810E0000F10202081
:109A300020100F0008F808080808F000203F210156
:109A400001010000E01008080810E0000F182424AD
:109A500038504F0008F8888888887000203F200020
:109A6000030C3020007088080808380000382021D6
:109A700021221C00180808F8080818000000203FE0
:109A80002000000008F808000008F808001F202047
:109A900020201F000878880000C838080000073818
:109AA0000E010000F80800F80008F800033C070069
:109AB000073C0300081868808068180820302C03D1
:109AC000032C30200838C800C83808000000203FA8
:109AD0002000000010080808C83808002038262197
:109AE00020201800000000FE020202000000007F9B
:109AF00040404000000C30C00000000000000001A9
:109B00000638C00000020202FE0000000040404093
:109B10007F000000000004020202040000000000B8
:109B20000000000000000000000000008080808035
:109B3000808080800002020400000000000000001D
:109B400000000000000080808080000000192422B6
:109B500022223F2008F8008080000000003F1120F2
:109B600020110E000000008080800000000E1120F7
:109B700020201100000000808088F800000E1120D5
:109B800020103F200000808080800000001F2222E3
:109B900022221300008080F0888888180020203F4F
:109BA000202000000000808080808000006B949462
:109BB0009493600008F8008080800000203F21001E
:109BC00000203F2000809898000000000020203FE7
:109BD00020200000000000809898000000C08080D5
:109BE000807F000008F8000080808000203F240271
:109BF0002D302000000808F8000000000020203F61
:109C0000202000008080808080808000203F200015
:109C10003F20003F8080008080800000203F2100A6
:109C200000203F200000808080800000001F202056
:109C300020201F00808000808000000080FFA12085
:109C400020110E000000008080808000000E112096
:109C500020A0FF80808080008080800020203F2125
:109C600020000100000080808080800000332424D8
:109C700024241900008080E0808000000000001F84
:109C8000202000008080000000808000001F202035
:109C900020103F20808080000080808000010E30F6
:109CA0000806010080800080008080800F300C0357
:109CB0000C300F0000808000808080000020312E5A
:109CC0000E312000808080000080808080818E7036
:109CD0001806010000808080808080000021302CE8
:109CE0002221300000000000807C02020000000001
:109CF000003F404000000000FF00000000000000A6
:109D0000FF0000000002027C800000000040403F95
:109D1000000000000006010102020404000000002F
:109D2000000000006090906000000000000F101024
:109D30001008000070D8D87000000000000F18183C
:109D4000180C000070F8F87000000000001F3030A0
:109D5000301800004142434445464748494A4B4C6D
:109D60004D4E4F505152535455565758595A61629F
:109D7000636465666768696A6B6C6D6E6F7071723B
:109D8000737475767778797A303132333435363783
:109D900038392B2F7F7F7F7F7F7F7F7F7F7F7F7F04
:109DA0007F7F7F7F7F7F7F7F7F7F7F7F7F7F7F7FC3
:109DB0007F7F7F7F7F7F7F7F7F7F7F7F7F7F7F3EF4
:109DC0007F7F7F3F3435363738393A3B3C3D7F7FA4
:109DD0007F407F7F7F000102030405060708090A10
:109DE0000B0C0D0E0F101112131415161718197FE6
:109DF0007F7F7F7F7F1A1B1C1D1E1F202122232493
:109E000025262728292A2B2C2D2E2F303132337F3F
:109E10007F7F7F7F0000C0E0F0F8FC0000000000C2
:109E2000000000000000F03F000000000000F83FCC
:109E300000000000000000000000004003B8E23F06
:109E4000000000000000000006D0CF43EBFD4C3EB8
:109E5000033333333333E33FFFAB6FDBB66DDB3FAD
:109E60004D268F515555D53F01411DA96074D13FF5
:109E700065DBC9934A86CD3FEF4E454A287ECA3FEF
:109E80003E5555555555C53F93BDBE166CC166BF71
:109E90002CDE25AF6A56113FF16BD2C541BDBBBE6A
:109EA000D0A4BE726937663E0000000000000000CA
:109EB000DDDDDDDDDCBBBBDDDDDDDDDDDDDDDDDD17
:109EC0009888888888888888777777777788888857
:109ED00085555556666666666666666666688888EF
:109EE0008333333222222222222222222228888DE8
:109EF0004E455420737461742074783D256C75420E
:109F00002072783D256C7542206970643D256C7522
:109F100020636D645F6F6B3D256C7520636D645FBE
:109F20006661696C3D256C752075703D25756D7396
:109F3000206D6F64653D25730D0A00005741524E38
:109F40003A09EFBFBDEFBFBDEFBFBDEFBFBDCAA7B1
:109F5000EFBFBDDCA3EFBFBDEFBFBDC7B7EFBFBD58
:109F6000EFBFBDEFBFBDEFBFBDEFBFBD28EFBFBDB2
:109F7000EFBFBDEFBFBDEFBFBD746F6B656EEFBFD1
:109F8000BDC7B7EFBFBD290D0A0000005741524EB3
:109F90003A09EFBFBDEFBFBDEFBFBDEFBFBDCAA761
:109FA000EFBFBDDCA3EFBFBDEFBFBDC3BBEFBFBD08
:109FB000EFBFBDEFBFBDEFBFBDEFBFBDEFBFBDEF9B
:109FC000BFBDEFBFBDEFBFBDEFBFBDEFBFBDEFBFBB
:109FD000BD5C720A000000006465766963655F69B4
:109FE0006422203A2022255B5E225D222C0D0A226B
:109FF0006E616D6522203A2022255B5E225D222C57
:10A000000D0A0D0A2270696422203A2025642C0D65
:10A010000A226B657922203A2022255B5E225D228E
:10A020000000000076657273696F6E3D25732672BD
:10A0300065733D70726F64756374732525324625B0
:10A040007325253246646576696365732525324636
:10A0500025732665743D2564266D6574686F643DBF
:10A060002573267369676E3D25730000504F535466
:10A07000202F6D7174742F76312F64657669636556
:10A08000732F72656720485454502F312E310D0ABA
:10A09000417574686F72697A6174696F6E3A25737D
:10A0A0000D0A486F73743A6F74612E6865636C6F44
:10A0B0007564732E636F6D0D0A436F6E74656E74F5
:10A0C0002D547970653A6170706C69636174696F61
:10A0D0006E2F6A736F6E0D0A436F6E74656E742D0A
:10A0E0004C656E6774683A25640D0A0D0A7B226E12
:10A0F000616D65223A222573227D00001CA10008B3
:10A10000000000207C000000A082000898A1000848
:10A110007C00002044100000B082000800A24A0425
:10A120000000000000000000010203040607080907
:10A1300000000000010203040102030406070809ED
:10A1400002040608000000000000000000000000FB
:10A1500000000000000000000000000000FFFFFF02
:10A16000FFFF0100000000000000000000000000F0
:10A1700000000000000000000000000000000000DF
:10A1800000000000A58C0008558C000800000000AD
:08A190000000000000000000C7
:04000005080000ED02
:00000001FF
